monotonic_s,elapsed_s,wall_time_iso,event,mocap_valid,mocap_x,mocap_y,mocap_z,state_est_x,state_est_y,state_est_z,stabilizer_roll,stabilizer_pitch,range_z_m,target_x,target_y,target_z,box_min_x,box_max_x,mocap_stamp_s,box1_raw_x,box1_raw_y,box1_raw_z,box2_raw_x,box2_raw_y,box2_raw_z,box1_cf_x,box2_cf_x,dynamic_x_min_mm,dynamic_x_max_mm,constraint_active,manual_constraints,fpga_u1_16,fpga_u2_16,fpga_u3_16,fpga_u4_16,command
1779488058.245078,0.001615,2026-05-22T18:14:18.245,command,1,0.225972,0.038012,0.500000,0.179530,0.036872,0.503386,-0.147309,-1.640798,0.000000,0.225972,0.038012,0.500000,,,,,,,,,,,,0,0,0,0,20248,19188,20423,18987,start_traj
1779488058.248266,0.004804,2026-05-22T18:14:18.248,sample,1,0.177960,0.036624,0.502430,0.179530,0.036872,0.503386,-0.147309,-1.640798,0.000000,0.225972,0.038012,0.500000,,,1779488058.244484186,,,,,,,,,0,0,0,0,20248,19188,20423,18987,start_traj
1779488058.258833,0.015371,2026-05-22T18:14:18.258,sample,1,0.177663,0.036847,0.502353,0.179530,0.036872,0.503386,-0.147309,-1.640798,0.000000,0.225972,0.038012,0.500000,,,1779488058.252782583,,,,,,,,,0,0,0,0,20248,19188,20423,18987,start_traj
1779488058.269453,0.025990,2026-05-22T18:14:18.269,sample,1,0.177102,0.037274,0.502195,0.179530,0.036872,0.503386,-0.147309,-1.640798,0.000000,0.225972,0.038012,0.500000,,,1779488058.269187450,,,,,,,,,0,0,0,0,20248,19188,20423,18987,start_traj
1779488058.280023,0.036560,2026-05-22T18:14:18.280,sample,1,0.176888,0.037480,0.502149,0.179530,0.036872,0.503386,-0.147309,-1.640798,0.000000,0.225972,0.038012,0.500000,,,1779488058.278868675,,,,,,,,,0,0,0,0,20248,19188,20423,18987,start_traj
1779488058.290597,0.047135,2026-05-22T18:14:18.290,sample,1,0.176713,0.037716,0.502148,0.179530,0.036872,0.503386,-0.147309,-1.640798,0.000000,0.225972,0.038012,0.500000,,,1779488058.285699844,,,,,,,,,0,0,0,0,20990,18625,21500,17882,start_traj
1779488058.301193,0.057731,2026-05-22T18:14:18.301,sample,1,0.176532,0.037977,0.502104,0.179530,0.036872,0.503386,-0.147309,-1.640798,0.000000,0.225972,0.038012,0.500000,,,1779488058.294581413,,,,,,,,,0,0,0,0,20990,18625,21500,17882,start_traj
1779488058.311739,0.068277,2026-05-22T18:14:18.311,sample,1,0.176245,0.038463,0.502083,0.179530,0.036872,0.503386,-0.147309,-1.640798,0.000000,0.225972,0.038012,0.500000,,,1779488058.310852528,,,,,,,,,0,0,0,0,20990,18625,21500,17882,start_traj
1779488058.322318,0.078856,2026-05-22T18:14:18.322,sample,1,0.176154,0.038709,0.502068,0.179530,0.036872,0.503386,-0.147309,-1.640798,0.000000,0.225972,0.038012,0.500000,,,1779488058.319258928,,,,,,,,,0,0,0,0,20990,18625,21500,17882,start_traj
1779488058.332864,0.089402,2026-05-22T18:14:18.332,sample,1,0.176059,0.038966,0.502034,0.179530,0.036872,0.503386,-0.147309,-1.640798,0.000000,0.225972,0.038012,0.500000,,,1779488058.327756882,,,,,,,,,0,0,0,0,20990,18625,21500,17882,start_traj
1779488058.343420,0.099958,2026-05-22T18:14:18.343,sample,1,0.175979,0.039171,0.502038,0.179530,0.036872,0.503386,-0.147309,-1.640798,0.000000,0.225972,0.038012,0.500000,,,1779488058.335830927,,,,,,,,,0,0,0,0,19996,19473,20598,18880,start_traj
1779488058.353993,0.110531,2026-05-22T18:14:18.353,sample,1,0.175911,0.039648,0.502000,0.179530,0.036872,0.503386,-0.147309,-1.640798,0.000000,0.225972,0.038012,0.500000,,,1779488058.352644205,,,,,,,,,0,0,0,0,19996,19473,20598,18880,start_traj
1779488058.364542,0.121079,2026-05-22T18:14:18.364,sample,1,0.175919,0.039884,0.502043,0.179530,0.036872,0.503386,-0.147309,-1.640798,0.000000,0.225972,0.038012,0.500000,,,1779488058.360943317,,,,,,,,,0,0,0,0,19996,19473,20598,18880,start_traj
1779488058.375166,0.131703,2026-05-22T18:14:18.375,sample,1,0.175944,0.040126,0.502053,0.179530,0.036872,0.503386,-0.147309,-1.640798,0.000000,0.225972,0.038012,0.500000,,,1779488058.369123697,,,,,,,,,0,0,0,0,19996,19473,20598,18880,start_traj
1779488058.385927,0.142464,2026-05-22T18:14:18.385,sample,1,0.175991,0.040352,0.502131,0.179530,0.036872,0.503386,-0.147309,-1.640798,0.000000,0.225972,0.038012,0.500000,,,1779488058.377277851,,,,,,,,,0,0,0,0,19996,19473,20598,18880,start_traj
1779488058.396732,0.153270,2026-05-22T18:14:18.396,sample,1,0.176164,0.040892,0.502238,0.179530,0.036872,0.503386,-0.147309,-1.640798,0.000000,0.225972,0.038012,0.500000,,,1779488058.394217968,,,,,,,,,0,0,0,0,20300,18487,20906,18600,start_traj
1779488058.406809,0.163346,2026-05-22T18:14:18.406,sample,1,0.176230,0.041099,0.502266,0.179530,0.036872,0.503386,-0.147309,-1.640798,0.000000,0.225972,0.038012,0.500000,,,1779488058.402176380,,,,,,,,,0,0,0,0,20300,18487,20906,18600,start_traj
1779488058.417564,0.174101,2026-05-22T18:14:18.417,sample,1,0.176336,0.041347,0.502269,0.179530,0.036872,0.503386,-0.147309,-1.640798,0.000000,0.225972,0.038012,0.500000,,,1779488058.410394669,,,,,,,,,0,0,0,0,20300,18487,20906,18600,start_traj
1779488058.428273,0.184810,2026-05-22T18:14:18.428,sample,1,0.176689,0.041822,0.502326,0.179530,0.036872,0.503386,-0.147309,-1.640798,0.000000,0.225972,0.038012,0.500000,,,1779488058.427425385,,,,,,,,,0,0,0,0,20300,18487,20906,18600,start_traj
1779488058.439028,0.195566,2026-05-22T18:14:18.439,sample,1,0.176866,0.042009,0.502374,0.179530,0.036872,0.503386,-0.147309,-1.640798,0.000000,0.225972,0.038012,0.500000,,,1779488058.435584784,,,,,,,,,0,0,0,0,20300,18487,20906,18600,start_traj
1779488058.449749,0.206287,2026-05-22T18:14:18.449,sample,1,0.177110,0.042229,0.502438,0.177443,0.041955,0.503026,0.291704,-1.930031,0.000000,0.225972,0.038012,0.500000,,,1779488058.444035292,,,,,,,,,0,0,0,0,19064,19642,19541,19625,start_traj
1779488058.460482,0.217020,2026-05-22T18:14:18.460,sample,1,0.177329,0.042441,0.502516,0.177443,0.041955,0.503026,0.291704,-1.930031,0.000000,0.225972,0.038012,0.500000,,,1779488058.452560663,,,,,,,,,0,0,0,0,19064,19642,19541,19625,start_traj
1779488058.471226,0.227764,2026-05-22T18:14:18.471,sample,1,0.177846,0.042906,0.502645,0.177443,0.041955,0.503026,0.291704,-1.930031,0.000000,0.225972,0.038012,0.500000,,,1779488058.469140053,,,,,,,,,0,0,0,0,19064,19642,19541,19625,start_traj
1779488058.481926,0.238464,2026-05-22T18:14:18.481,sample,1,0.178093,0.043156,0.502676,0.177443,0.041955,0.503026,0.291704,-1.930031,0.000000,0.225972,0.038012,0.500000,,,1779488058.479559183,,,,,,,,,0,0,0,0,19064,19642,19541,19625,start_traj
1779488058.492641,0.249179,2026-05-22T18:14:18.492,sample,1,0.178388,0.043374,0.502705,0.177443,0.041955,0.503026,0.291704,-1.930031,0.000000,0.225972,0.038012,0.500000,,,1779488058.485933542,,,,,,,,,0,0,0,0,21842,16971,22225,16462,start_traj
1779488058.503469,0.260006,2026-05-22T18:14:18.503,sample,1,0.179010,0.043756,0.502847,0.177443,0.041955,0.503026,0.291704,-1.930031,0.000000,0.225972,0.038012,0.500000,,,1779488058.502237320,,,,,,,,,0,0,0,0,21842,16971,22225,16462,start_traj
1779488058.514109,0.270646,2026-05-22T18:14:18.514,sample,1,0.179285,0.043981,0.502877,0.177443,0.041955,0.503026,0.291704,-1.930031,0.000000,0.225972,0.038012,0.500000,,,1779488058.511034250,,,,,,,,,0,0,0,0,21842,16971,22225,16462,start_traj
1779488058.524812,0.281349,2026-05-22T18:14:18.524,sample,1,0.179578,0.044128,0.502964,0.177443,0.041955,0.503026,0.291704,-1.930031,0.000000,0.225972,0.038012,0.500000,,,1779488058.519107819,,,,,,,,,0,0,0,0,21842,16971,22225,16462,start_traj
1779488058.535510,0.292047,2026-05-22T18:14:18.535,sample,1,0.179928,0.044339,0.502985,0.177443,0.041955,0.503026,0.291704,-1.930031,0.000000,0.225972,0.038012,0.500000,,,1779488058.528590202,,,,,,,,,0,0,0,0,21842,16971,22225,16462,start_traj
1779488058.546321,0.302859,2026-05-22T18:14:18.546,sample,1,0.180746,0.044692,0.503010,0.177443,0.041955,0.503026,0.291704,-1.930031,0.000000,0.225972,0.038012,0.500000,,,1779488058.545172215,,,,,,,,,0,0,0,0,19669,19184,20163,18363,start_traj
1779488058.557173,0.313711,2026-05-22T18:14:18.557,sample,1,0.181125,0.044801,0.503016,0.177443,0.041955,0.503026,0.291704,-1.930031,0.000000,0.225972,0.038012,0.500000,,,1779488058.552913427,,,,,,,,,0,0,0,0,19669,19184,20163,18363,start_traj
1779488058.567896,0.324434,2026-05-22T18:14:18.567,sample,1,0.181452,0.044945,0.502982,0.177443,0.041955,0.503026,0.291704,-1.930031,0.000000,0.225972,0.038012,0.500000,,,1779488058.560581446,,,,,,,,,0,0,0,0,19669,19184,20163,18363,start_traj
1779488058.578716,0.335253,2026-05-22T18:14:18.578,sample,1,0.182259,0.045251,0.503089,0.177443,0.041955,0.503026,0.291704,-1.930031,0.000000,0.225972,0.038012,0.500000,,,1779488058.577444315,,,,,,,,,0,0,0,0,19669,19184,20163,18363,start_traj
1779488058.589555,0.346093,2026-05-22T18:14:18.589,sample,1,0.182716,0.045395,0.503173,0.177443,0.041955,0.503026,0.291704,-1.930031,0.000000,0.225972,0.038012,0.500000,,,1779488058.587579727,,,,,,,,,0,0,0,0,19669,19184,20163,18363,start_traj
1779488058.600299,0.356836,2026-05-22T18:14:18.600,sample,1,0.183126,0.045558,0.503204,0.177443,0.041955,0.503026,0.291704,-1.930031,0.000000,0.225972,0.038012,0.500000,,,1779488058.594352722,,,,,,,,,0,0,0,0,19965,19178,20589,18200,start_traj
1779488058.611226,0.367764,2026-05-22T18:14:18.611,sample,1,0.183960,0.045885,0.503174,0.177443,0.041955,0.503026,0.291704,-1.930031,0.000000,0.225972,0.038012,0.500000,,,1779488058.611040354,,,,,,,,,0,0,0,0,19965,19178,20589,18200,start_traj
1779488058.621933,0.378471,2026-05-22T18:14:18.621,sample,1,0.184429,0.046053,0.503105,0.177443,0.041955,0.503026,0.291704,-1.930031,0.000000,0.225972,0.038012,0.500000,,,1779488058.619812489,,,,,,,,,0,0,0,0,19965,19178,20589,18200,start_traj
1779488058.632739,0.389277,2026-05-22T18:14:18.632,sample,1,0.184857,0.046172,0.503086,0.177443,0.041955,0.503026,0.291704,-1.930031,0.000000,0.225972,0.038012,0.500000,,,1779488058.627572060,,,,,,,,,0,0,0,0,19965,19178,20589,18200,start_traj
1779488058.643661,0.400199,2026-05-22T18:14:18.643,sample,1,0.185275,0.046352,0.503064,0.186516,0.045960,0.503666,0.323123,-0.451621,0.000000,0.225972,0.038012,0.500000,,,1779488058.635981083,,,,,,,,,0,0,0,0,22124,17600,22370,16580,start_traj
1779488058.654443,0.410980,2026-05-22T18:14:18.654,sample,1,0.186185,0.046732,0.503067,0.186516,0.045960,0.503666,0.323123,-0.451621,0.000000,0.225972,0.038012,0.500000,,,1779488058.652214766,,,,,,,,,0,0,0,0,22124,17600,22370,16580,start_traj
1779488058.665091,0.421628,2026-05-22T18:14:18.665,sample,1,0.186731,0.046963,0.503135,0.186516,0.045960,0.503666,0.323123,-0.451621,0.000000,0.225972,0.038012,0.500000,,,1779488058.660513401,,,,,,,,,0,0,0,0,22124,17600,22370,16580,start_traj
1779488058.675647,0.432185,2026-05-22T18:14:18.675,sample,1,0.187184,0.047116,0.503116,0.186516,0.045960,0.503666,0.323123,-0.451621,0.000000,0.225972,0.038012,0.500000,,,1779488058.669542551,,,,,,,,,0,0,0,0,22124,17600,22370,16580,start_traj
1779488058.686365,0.442902,2026-05-22T18:14:18.686,sample,1,0.188158,0.047575,0.502966,0.186516,0.045960,0.503666,0.323123,-0.451621,0.000000,0.225972,0.038012,0.500000,,,1779488058.685626745,,,,,,,,,0,0,0,0,22124,17600,22370,16580,start_traj
1779488058.696968,0.453505,2026-05-22T18:14:18.696,sample,1,0.188683,0.047887,0.502922,0.186516,0.045960,0.503666,0.323123,-0.451621,0.000000,0.225972,0.038012,0.500000,,,1779488058.694964886,,,,,,,,,0,0,0,0,19708,19824,20070,19274,start_traj
1779488058.707583,0.464120,2026-05-22T18:14:18.707,sample,1,0.189119,0.048173,0.502895,0.186516,0.045960,0.503666,0.323123,-0.451621,0.000000,0.225972,0.038012,0.500000,,,1779488058.702605486,,,,,,,,,0,0,0,0,19708,19824,20070,19274,start_traj
1779488058.718151,0.474689,2026-05-22T18:14:18.718,sample,1,0.189589,0.048514,0.502943,0.186516,0.045960,0.503666,0.323123,-0.451621,0.000000,0.225972,0.038012,0.500000,,,1779488058.711285114,,,,,,,,,0,0,0,0,19708,19824,20070,19274,start_traj
1779488058.728696,0.485234,2026-05-22T18:14:18.728,sample,1,0.190687,0.049387,0.502880,0.186516,0.045960,0.503666,0.323123,-0.451621,0.000000,0.225972,0.038012,0.500000,,,1779488058.727639675,,,,,,,,,0,0,0,0,19708,19824,20070,19274,start_traj
1779488058.739282,0.495819,2026-05-22T18:14:18.739,sample,1,0.191194,0.049893,0.502862,0.186516,0.045960,0.503666,0.323123,-0.451621,0.000000,0.225972,0.038012,0.500000,,,1779488058.735615492,,,,,,,,,0,0,0,0,19708,19824,20070,19274,start_traj
1779488058.749857,0.506394,2026-05-22T18:14:18.749,sample,1,0.191584,0.050536,0.502752,0.186516,0.045960,0.503666,0.323123,-0.451621,0.000000,0.225972,0.038012,0.500000,,,1779488058.744338036,,,,,,,,,0,0,0,0,22249,17497,23113,16041,start_traj
1779488058.760418,0.516955,2026-05-22T18:14:18.760,sample,1,0.192128,0.051116,0.502817,0.186516,0.045960,0.503666,0.323123,-0.451621,0.000000,0.225972,0.038012,0.500000,,,1779488058.752237320,,,,,,,,,0,0,0,0,22249,17497,23113,16041,start_traj
1779488058.770994,0.527532,2026-05-22T18:14:18.770,sample,1,0.193370,0.052464,0.502584,0.186516,0.045960,0.503666,0.323123,-0.451621,0.000000,0.225972,0.038012,0.500000,,,1779488058.769128799,,,,,,,,,0,0,0,0,22249,17497,23113,16041,start_traj
1779488058.781686,0.538224,2026-05-22T18:14:18.781,sample,1,0.193976,0.053342,0.502671,0.186516,0.045960,0.503666,0.323123,-0.451621,0.000000,0.225972,0.038012,0.500000,,,1779488058.777292728,,,,,,,,,0,0,0,0,22249,17497,23113,16041,start_traj
1779488058.792256,0.548793,2026-05-22T18:14:18.792,sample,1,0.194647,0.054076,0.502651,0.186516,0.045960,0.503666,0.323123,-0.451621,0.000000,0.225972,0.038012,0.500000,,,1779488058.787358284,,,,,,,,,0,0,0,0,19224,20089,20294,19365,start_traj
1779488058.802933,0.559470,2026-05-22T18:14:18.802,sample,1,0.195252,0.055077,0.502437,0.186516,0.045960,0.503666,0.323123,-0.451621,0.000000,0.225972,0.038012,0.500000,,,1779488058.794388533,,,,,,,,,0,0,0,0,19224,20089,20294,19365,start_traj
1779488058.813471,0.570008,2026-05-22T18:14:18.813,sample,1,0.196510,0.057396,0.502605,0.186516,0.045960,0.503666,0.323123,-0.451621,0.000000,0.225972,0.038012,0.500000,,,1779488058.810537815,,,,,,,,,0,0,0,0,19224,20089,20294,19365,start_traj
1779488058.824044,0.580581,2026-05-22T18:14:18.824,sample,1,0.197239,0.058696,0.502577,0.186516,0.045960,0.503666,0.323123,-0.451621,0.000000,0.225972,0.038012,0.500000,,,1779488058.819087267,,,,,,,,,0,0,0,0,19224,20089,20294,19365,start_traj
1779488058.834577,0.591114,2026-05-22T18:14:18.834,sample,1,0.197932,0.060098,0.502568,0.186516,0.045960,0.503666,0.323123,-0.451621,0.000000,0.225972,0.038012,0.500000,,,1779488058.828068018,,,,,,,,,0,0,0,0,19224,20089,20294,19365,start_traj
1779488058.845238,0.601776,2026-05-22T18:14:18.845,sample,1,0.199505,0.063341,0.502535,0.199827,0.058114,0.502974,-10.012691,-4.049397,0.000000,0.225972,0.038012,0.500000,,,1779488058.844050884,,,,,,,,,0,0,0,0,21647,17958,22459,17437,start_traj
1779488058.855806,0.612344,2026-05-22T18:14:18.855,sample,1,0.200414,0.065053,0.502454,0.199827,0.058114,0.502974,-10.012691,-4.049397,0.000000,0.225972,0.038012,0.500000,,,1779488058.852118492,,,,,,,,,0,0,0,0,21647,17958,22459,17437,start_traj
1779488058.866365,0.622902,2026-05-22T18:14:18.866,sample,1,0.201261,0.066940,0.502300,0.199827,0.058114,0.502974,-10.012691,-4.049397,0.000000,0.225972,0.038012,0.500000,,,1779488058.861393213,,,,,,,,,0,0,0,0,21647,17958,22459,17437,start_traj
1779488058.876942,0.633479,2026-05-22T18:14:18.876,sample,1,0.202218,0.069032,0.502396,0.199827,0.058114,0.502974,-10.012691,-4.049397,0.000000,0.225972,0.038012,0.500000,,,1779488058.869138241,,,,,,,,,0,0,0,0,21647,17958,22459,17437,start_traj
1779488058.887472,0.644010,2026-05-22T18:14:18.887,sample,1,0.204260,0.073667,0.502216,0.199827,0.058114,0.502974,-10.012691,-4.049397,0.000000,0.225972,0.038012,0.500000,,,1779488058.885879517,,,,,,,,,0,0,0,0,21647,17958,22459,17437,start_traj
1779488058.898041,0.654579,2026-05-22T18:14:18.898,sample,1,0.205247,0.076269,0.502152,0.199827,0.058114,0.502974,-10.012691,-4.049397,0.000000,0.225972,0.038012,0.500000,,,1779488058.896100283,,,,,,,,,0,0,0,0,21113,18476,22206,18732,start_traj
1779488058.908635,0.665172,2026-05-22T18:14:18.908,sample,1,0.206419,0.078890,0.502021,0.199827,0.058114,0.502974,-10.012691,-4.049397,0.000000,0.225972,0.038012,0.500000,,,1779488058.902428627,,,,,,,,,0,0,0,0,21113,18476,22206,18732,start_traj
1779488058.919203,0.675740,2026-05-22T18:14:18.919,sample,1,0.207530,0.081720,0.501917,0.199827,0.058114,0.502974,-10.012691,-4.049397,0.000000,0.225972,0.038012,0.500000,,,1779488058.911571503,,,,,,,,,0,0,0,0,21113,18476,22206,18732,start_traj
1779488058.929755,0.686293,2026-05-22T18:14:18.929,sample,1,0.209937,0.087801,0.501524,0.199827,0.058114,0.502974,-10.012691,-4.049397,0.000000,0.225972,0.038012,0.500000,,,1779488058.927901506,,,,,,,,,0,0,0,0,21113,18476,22206,18732,start_traj
1779488058.940346,0.696883,2026-05-22T18:14:18.940,sample,1,0.211174,0.091148,0.501462,0.199827,0.058114,0.502974,-10.012691,-4.049397,0.000000,0.225972,0.038012,0.500000,,,1779488058.935451508,,,,,,,,,0,0,0,0,21113,18476,22206,18732,start_traj
1779488058.950919,0.707457,2026-05-22T18:14:18.950,sample,1,0.212527,0.094741,0.501284,0.199827,0.058114,0.502974,-10.012691,-4.049397,0.000000,0.225972,0.038012,0.500000,,,1779488058.945012569,,,,,,,,,0,0,0,0,20882,20495,21709,19251,start_traj
1779488058.961472,0.718009,2026-05-22T18:14:18.961,sample,1,0.215323,0.102495,0.500907,0.199827,0.058114,0.502974,-10.012691,-4.049397,0.000000,0.225972,0.038012,0.500000,,,1779488058.960951567,,,,,,,,,0,0,0,0,20882,20495,21709,19251,start_traj
1779488058.972040,0.728578,2026-05-22T18:14:18.972,sample,1,0.216845,0.106588,0.500700,0.199827,0.058114,0.502974,-10.012691,-4.049397,0.000000,0.225972,0.038012,0.500000,,,1779488058.969082355,,,,,,,,,0,0,0,0,20882,20495,21709,19251,start_traj
1779488058.982583,0.739121,2026-05-22T18:14:18.982,sample,1,0.218377,0.111015,0.500419,0.199827,0.058114,0.502974,-10.012691,-4.049397,0.000000,0.225972,0.038012,0.500000,,,1779488058.977219105,,,,,,,,,0,0,0,0,20882,20495,21709,19251,start_traj
1779488058.993188,0.749725,2026-05-22T18:14:18.993,sample,1,0.219986,0.115477,0.500203,0.199827,0.058114,0.502974,-10.012691,-4.049397,0.000000,0.225972,0.038012,0.500000,,,1779488058.985692739,,,,,,,,,0,0,0,0,22170,20312,22627,19435,start_traj
1779488059.003781,0.760318,2026-05-22T18:14:19.003,sample,1,0.221767,0.120223,0.499975,0.199827,0.058114,0.502974,-10.012691,-4.049397,0.000000,0.225972,0.038012,0.500000,,,1779488058.994081497,,,,,,,,,0,0,0,0,22170,20312,22627,19435,start_traj
1779488059.014363,0.770900,2026-05-22T18:14:19.014,sample,1,0.225396,0.130368,0.499605,0.199827,0.058114,0.502974,-10.012691,-4.049397,0.000000,0.225972,0.038012,0.500000,,,1779488059.010670185,,,,,,,,,0,0,0,0,22170,20312,22627,19435,start_traj
1779488059.024943,0.781481,2026-05-22T18:14:19.024,sample,1,0.227364,0.135772,0.499385,0.199827,0.058114,0.502974,-10.012691,-4.049397,0.000000,0.225972,0.038012,0.500000,,,1779488059.020085573,,,,,,,,,0,0,0,0,22170,20312,22627,19435,start_traj
1779488059.035477,0.792015,2026-05-22T18:14:19.035,sample,1,0.229364,0.141507,0.499169,0.199827,0.058114,0.502974,-10.012691,-4.049397,0.000000,0.225972,0.038012,0.500000,,,1779488059.027128220,,,,,,,,,0,0,0,0,22170,20312,22627,19435,start_traj
1779488059.046081,0.802618,2026-05-22T18:14:19.046,sample,1,0.233701,0.153381,0.498586,0.232959,0.143850,0.498844,-18.677460,-9.904310,0.000000,0.225972,0.038012,0.500000,,,1779488059.044569731,,,,,,,,,0,0,0,0,22490,20820,22809,20217,start_traj
1779488059.056641,0.813179,2026-05-22T18:14:19.056,sample,1,0.235990,0.159679,0.498409,0.232959,0.143850,0.498844,-18.677460,-9.904310,0.000000,0.225972,0.038012,0.500000,,,1779488059.052490234,,,,,,,,,0,0,0,0,22490,20820,22809,20217,start_traj
1779488059.067252,0.823790,2026-05-22T18:14:19.067,sample,1,0.238351,0.166160,0.498231,0.232959,0.143850,0.498844,-18.677460,-9.904310,0.000000,0.225972,0.038012,0.500000,,,1779488059.060583115,,,,,,,,,0,0,0,0,22490,20820,22809,20217,start_traj
1779488059.077879,0.834416,2026-05-22T18:14:19.077,sample,1,0.243305,0.179869,0.497852,0.232959,0.143850,0.498844,-18.677460,-9.904310,0.000000,0.225972,0.038012,0.500000,,,1779488059.077721834,,,,,,,,,0,0,0,0,22490,20820,22809,20217,start_traj
1779488059.088469,0.845006,2026-05-22T18:14:19.088,sample,1,0.245914,0.187133,0.497758,0.232959,0.143850,0.498844,-18.677460,-9.904310,0.000000,0.225972,0.038012,0.500000,,,1779488059.085721731,,,,,,,,,0,0,0,0,22490,20820,22809,20217,start_traj
1779488059.099083,0.855621,2026-05-22T18:14:19.099,sample,1,0.248640,0.194457,0.497600,0.232959,0.143850,0.498844,-18.677460,-9.904310,0.000000,0.225972,0.038012,0.500000,,,1779488059.095474005,,,,,,,,,0,0,0,0,22207,21922,22609,20462,start_traj
1779488059.109683,0.866221,2026-05-22T18:14:19.109,sample,1,0.251424,0.201949,0.497341,0.232959,0.143850,0.498844,-18.677460,-9.904310,0.000000,0.225972,0.038012,0.500000,,,1779488059.102193594,,,,,,,,,0,0,0,0,22207,21922,22609,20462,start_traj
1779488059.120296,0.876833,2026-05-22T18:14:19.120,sample,1,0.257377,0.217855,0.497295,0.232959,0.143850,0.498844,-18.677460,-9.904310,0.000000,0.225972,0.038012,0.500000,,,1779488059.118927956,,,,,,,,,0,0,0,0,22207,21922,22609,20462,start_traj
1779488059.130888,0.887425,2026-05-22T18:14:19.130,sample,1,0.260451,0.226119,0.497297,0.232959,0.143850,0.498844,-18.677460,-9.904310,0.000000,0.225972,0.038012,0.500000,,,1779488059.127321005,,,,,,,,,0,0,0,0,22207,21922,22609,20462,start_traj
1779488059.141429,0.897966,2026-05-22T18:14:19.141,sample,1,0.263539,0.234479,0.497215,0.232959,0.143850,0.498844,-18.677460,-9.904310,0.000000,0.225972,0.038012,0.500000,,,1779488059.135792494,,,,,,,,,0,0,0,0,22657,22335,22213,19560,start_traj
1779488059.152001,0.908538,2026-05-22T18:14:19.152,sample,1,0.266767,0.243153,0.497203,0.232959,0.143850,0.498844,-18.677460,-9.904310,0.000000,0.225972,0.038012,0.500000,,,1779488059.144612551,,,,,,,,,0,0,0,0,22657,22335,22213,19560,start_traj
1779488059.162525,0.919063,2026-05-22T18:14:19.162,sample,1,0.273763,0.261086,0.497381,0.232959,0.143850,0.498844,-18.677460,-9.904310,0.000000,0.225972,0.038012,0.500000,,,1779488059.160452604,,,,,,,,,0,0,0,0,22657,22335,22213,19560,start_traj
1779488059.173088,0.929625,2026-05-22T18:14:19.173,sample,1,0.277348,0.270301,0.497488,0.232959,0.143850,0.498844,-18.677460,-9.904310,0.000000,0.225972,0.038012,0.500000,,,1779488059.169020653,,,,,,,,,0,0,0,0,22657,22335,22213,19560,start_traj
1779488059.183640,0.940177,2026-05-22T18:14:19.183,sample,1,0.281132,0.279699,0.497643,0.232959,0.143850,0.498844,-18.677460,-9.904310,0.000000,0.225972,0.038012,0.500000,,,1779488059.177427292,,,,,,,,,0,0,0,0,22657,22335,22213,19560,start_traj
1779488059.194259,0.950796,2026-05-22T18:14:19.194,sample,1,0.284820,0.289229,0.497716,0.232959,0.143850,0.498844,-18.677460,-9.904310,0.000000,0.225972,0.038012,0.500000,,,1779488059.185669899,,,,,,,,,0,0,0,0,21829,22329,21593,19360,start_traj
1779488059.204844,0.961381,2026-05-22T18:14:19.204,sample,1,0.292701,0.309006,0.498040,0.232959,0.143850,0.498844,-18.677460,-9.904310,0.000000,0.225972,0.038012,0.500000,,,1779488059.202434301,,,,,,,,,0,0,0,0,21829,22329,21593,19360,start_traj
1779488059.215418,0.971955,2026-05-22T18:14:19.215,sample,1,0.296779,0.319142,0.498261,0.232959,0.143850,0.498844,-18.677460,-9.904310,0.000000,0.225972,0.038012,0.500000,,,1779488059.211269855,,,,,,,,,0,0,0,0,21829,22329,21593,19360,start_traj
1779488059.226053,0.982590,2026-05-22T18:14:19.226,sample,1,0.300924,0.329434,0.498544,0.232959,0.143850,0.498844,-18.677460,-9.904310,0.000000,0.225972,0.038012,0.500000,,,1779488059.218965769,,,,,,,,,0,0,0,0,21829,22329,21593,19360,start_traj
1779488059.236703,0.993241,2026-05-22T18:14:19.236,sample,1,0.309442,0.350514,0.499171,0.232959,0.143850,0.498844,-18.677460,-9.904310,0.000000,0.225972,0.038012,0.500000,,,1779488059.236495256,,,,,,,,,0,0,0,0,21829,22329,21593,19360,start_traj
1779488059.247371,1.003909,2026-05-22T18:14:19.247,sample,1,0.313911,0.361136,0.499487,0.313324,0.354428,0.496578,-13.337178,-10.164879,0.000000,0.225972,0.038012,0.500000,,,1779488059.244410038,,,,,,,,,0,0,0,0,21198,20769,21734,18312,start_traj
1779488059.257965,1.014502,2026-05-22T18:14:19.257,sample,1,0.318429,0.371947,0.499943,0.313324,0.354428,0.496578,-13.337178,-10.164879,0.000000,0.225972,0.038012,0.500000,,,1779488059.252167463,,,,,,,,,0,0,0,0,21198,20769,21734,18312,start_traj
1779488059.268538,1.025075,2026-05-22T18:14:19.268,sample,1,0.323019,0.383062,0.500461,0.313324,0.354428,0.496578,-13.337178,-10.164879,0.000000,0.225972,0.038012,0.500000,,,1779488059.260710716,,,,,,,,,0,0,0,0,21198,20769,21734,18312,start_traj
1779488059.279139,1.035676,2026-05-22T18:14:19.279,sample,1,0.332542,0.405320,0.501167,0.313324,0.354428,0.496578,-13.337178,-10.164879,0.000000,0.225972,0.038012,0.500000,,,1779488059.277230501,,,,,,,,,0,0,0,0,21198,20769,21734,18312,start_traj
1779488059.289699,1.046236,2026-05-22T18:14:19.289,sample,1,0.337403,0.416492,0.501518,0.313324,0.354428,0.496578,-13.337178,-10.164879,0.000000,0.225972,0.038012,0.500000,,,1779488059.285563469,,,,,,,,,0,0,0,0,21198,20769,21734,18312,start_traj
1779488059.300308,1.056846,2026-05-22T18:14:19.300,sample,1,0.342556,0.427965,0.502094,0.313324,0.354428,0.496578,-13.337178,-10.164879,0.000000,0.225972,0.038012,0.500000,,,1779488059.294163942,,,,,,,,,0,0,0,0,17879,17574,23477,19844,start_traj
1779488059.310936,1.067473,2026-05-22T18:14:19.310,sample,1,0.352548,0.450586,0.503031,0.313324,0.354428,0.496578,-13.337178,-10.164879,0.000000,0.225972,0.038012,0.500000,,,1779488059.310468674,,,,,,,,,0,0,0,0,17879,17574,23477,19844,start_traj
1779488059.321471,1.078008,2026-05-22T18:14:19.321,sample,1,0.357876,0.461913,0.503593,0.313324,0.354428,0.496578,-13.337178,-10.164879,0.000000,0.225972,0.038012,0.500000,,,1779488059.318752050,,,,,,,,,0,0,0,0,17879,17574,23477,19844,start_traj
1779488059.332236,1.088773,2026-05-22T18:14:19.332,sample,1,0.363144,0.473202,0.504195,0.313324,0.354428,0.496578,-13.337178,-10.164879,0.000000,0.225972,0.038012,0.500000,,,1779488059.328844070,,,,,,,,,0,0,0,0,17879,17574,23477,19844,start_traj
1779488059.342869,1.099406,2026-05-22T18:14:19.342,sample,1,0.368612,0.484398,0.504609,0.313324,0.354428,0.496578,-13.337178,-10.164879,0.000000,0.225972,0.038012,0.500000,,,1779488059.335956573,,,,,,,,,0,0,0,0,17820,15845,22818,17681,start_traj
1779488059.353417,1.109955,2026-05-22T18:14:19.353,sample,1,0.379643,0.506391,0.505609,0.313324,0.354428,0.496578,-13.337178,-10.164879,0.000000,0.225972,0.038012,0.500000,,,1779488059.352431297,,,,,,,,,0,0,0,0,17820,15845,22818,17681,start_traj
1779488059.364034,1.120571,2026-05-22T18:14:19.364,sample,1,0.385369,0.517264,0.505937,0.313324,0.354428,0.496578,-13.337178,-10.164879,0.000000,0.225972,0.038012,0.500000,,,1779488059.361268044,,,,,,,,,0,0,0,0,17820,15845,22818,17681,start_traj
1779488059.374587,1.131124,2026-05-22T18:14:19.374,sample,1,0.391073,0.527741,0.506169,0.313324,0.354428,0.496578,-13.337178,-10.164879,0.000000,0.225972,0.038012,0.500000,,,1779488059.369084120,,,,,,,,,0,0,0,0,17820,15845,22818,17681,start_traj
1779488059.385180,1.141718,2026-05-22T18:14:19.385,sample,1,0.396891,0.538152,0.506518,0.313324,0.354428,0.496578,-13.337178,-10.164879,0.000000,0.225972,0.038012,0.500000,,,1779488059.377310276,,,,,,,,,0,0,0,0,17820,15845,22818,17681,start_traj
1779488059.395737,1.152274,2026-05-22T18:14:19.395,sample,1,0.408696,0.557889,0.506588,0.313324,0.354428,0.496578,-13.337178,-10.164879,0.000000,0.225972,0.038012,0.500000,,,1779488059.394298315,,,,,,,,,0,0,0,0,16753,15308,20113,17616,start_traj
1779488059.406296,1.162834,2026-05-22T18:14:19.406,sample,1,0.414750,0.567444,0.506120,0.313324,0.354428,0.496578,-13.337178,-10.164879,0.000000,0.225972,0.038012,0.500000,,,1779488059.402246475,,,,,,,,,0,0,0,0,16753,15308,20113,17616,start_traj
1779488059.416843,1.173381,2026-05-22T18:14:19.416,sample,1,0.420875,0.576512,0.505640,0.313324,0.354428,0.496578,-13.337178,-10.164879,0.000000,0.225972,0.038012,0.500000,,,1779488059.410536528,,,,,,,,,0,0,0,0,16753,15308,20113,17616,start_traj
1779488059.427697,1.184234,2026-05-22T18:14:19.427,sample,1,0.426876,0.585286,0.504593,0.313324,0.354428,0.496578,-13.337178,-10.164879,0.000000,0.225972,0.038012,0.500000,,,1779488059.422078609,,,,,,,,,0,0,0,0,16753,15308,20113,17616,start_traj
1779488059.438568,1.195105,2026-05-22T18:14:19.438,sample,1,0.439132,0.601801,0.501834,0.313324,0.354428,0.496578,-13.337178,-10.164879,0.000000,0.225972,0.038012,0.500000,,,1779488059.435924768,,,,,,,,,0,0,0,0,16753,15308,20113,17616,start_traj
1779488059.449290,1.205827,2026-05-22T18:14:19.449,sample,1,0.445253,0.609538,0.499838,0.445280,0.628331,0.506842,44.336212,-5.323671,0.000000,0.225972,0.038012,0.500000,,,1779488059.444003105,,,,,,,,,0,0,0,0,23112,22882,16052,13646,start_traj
1779488059.459934,1.216471,2026-05-22T18:14:19.459,sample,1,0.451301,0.616586,0.497576,0.445280,0.628331,0.506842,44.336212,-5.323671,0.000000,0.225972,0.038012,0.500000,,,1779488059.454304218,,,,,,,,,0,0,0,0,23112,22882,16052,13646,start_traj
1779488059.470668,1.227205,2026-05-22T18:14:19.470,sample,1,0.463695,0.629969,0.491431,0.445280,0.628331,0.506842,44.336212,-5.323671,0.000000,0.225972,0.038012,0.500000,,,1779488059.469340801,,,,,,,,,0,0,0,0,23112,22882,16052,13646,start_traj
1779488059.481377,1.237915,2026-05-22T18:14:19.481,sample,1,0.469901,0.636459,0.487647,0.445280,0.628331,0.506842,44.336212,-5.323671,0.000000,0.225972,0.038012,0.500000,,,1779488059.477465630,,,,,,,,,0,0,0,0,23112,22882,16052,13646,start_traj
1779488059.492124,1.248662,2026-05-22T18:14:19.492,sample,1,0.475699,0.642102,0.484054,0.445280,0.628331,0.506842,44.336212,-5.323671,0.000000,0.225972,0.038012,0.500000,,,1779488059.485809565,,,,,,,,,0,0,0,0,32767,32767,5191,-16,start_traj
1779488059.502883,1.259421,2026-05-22T18:14:19.502,sample,1,0.487533,0.651127,0.475652,0.445280,0.628331,0.506842,44.336212,-5.323671,0.000000,0.225972,0.038012,0.500000,,,1779488059.502242327,,,,,,,,,0,0,0,0,32767,32767,5191,-16,start_traj
1779488059.513631,1.270169,2026-05-22T18:14:19.513,sample,1,0.493484,0.654822,0.470963,0.445280,0.628331,0.506842,44.336212,-5.323671,0.000000,0.225972,0.038012,0.500000,,,1779488059.510535479,,,,,,,,,0,0,0,0,32767,32767,5191,-16,start_traj
1779488059.524350,1.280887,2026-05-22T18:14:19.524,sample,1,0.499307,0.657762,0.465705,0.445280,0.628331,0.506842,44.336212,-5.323671,0.000000,0.225972,0.038012,0.500000,,,1779488059.519163132,,,,,,,,,0,0,0,0,32767,32767,5191,-16,start_traj
1779488059.535036,1.291573,2026-05-22T18:14:19.535,sample,1,0.505247,0.660072,0.460162,0.445280,0.628331,0.506842,44.336212,-5.323671,0.000000,0.225972,0.038012,0.500000,,,1779488059.527200460,,,,,,,,,0,0,0,0,32767,32767,5191,-16,start_traj
1779488059.545869,1.302406,2026-05-22T18:14:19.545,sample,1,0.511207,0.662000,0.454313,0.445280,0.628331,0.506842,44.336212,-5.323671,0.000000,0.225972,0.038012,0.500000,,,1779488059.535876274,,,,,,,,,0,0,0,0,32767,32767,17814,2139,start_traj
1779488059.556501,1.313038,2026-05-22T18:14:19.556,sample,1,0.522751,0.664168,0.441980,0.445280,0.628331,0.506842,44.336212,-5.323671,0.000000,0.225972,0.038012,0.500000,,,1779488059.552756786,,,,,,,,,0,0,0,0,32767,32767,17814,2139,start_traj
1779488059.567148,1.323686,2026-05-22T18:14:19.567,sample,1,0.528069,0.664450,0.435744,0.445280,0.628331,0.506842,44.336212,-5.323671,0.000000,0.225972,0.038012,0.500000,,,1779488059.560785294,,,,,,,,,0,0,0,0,32767,32767,17814,2139,start_traj
1779488059.577901,1.334439,2026-05-22T18:14:19.577,sample,1,0.533833,0.664431,0.429536,0.445280,0.628331,0.506842,44.336212,-5.323671,0.000000,0.225972,0.038012,0.500000,,,1779488059.569106102,,,,,,,,,0,0,0,0,32767,32767,17814,2139,start_traj
1779488059.588748,1.345285,2026-05-22T18:14:19.588,sample,1,0.544598,0.663539,0.417350,0.445280,0.628331,0.506842,44.336212,-5.323671,0.000000,0.225972,0.038012,0.500000,,,1779488059.586307049,,,,,,,,,0,0,0,0,32767,32767,17814,2139,start_traj
1779488059.599506,1.356044,2026-05-22T18:14:19.599,sample,1,0.550142,0.663562,0.410969,0.445280,0.628331,0.506842,44.336212,-5.323671,0.000000,0.225972,0.038012,0.500000,,,1779488059.593943357,,,,,,,,,0,0,0,0,28902,32767,18529,19537,start_traj
1779488059.610283,1.366821,2026-05-22T18:14:19.610,sample,1,0.555802,0.663826,0.404352,0.445280,0.628331,0.506842,44.336212,-5.323671,0.000000,0.225972,0.038012,0.500000,,,1779488059.602377176,,,,,,,,,0,0,0,0,28902,32767,18529,19537,start_traj
1779488059.621061,1.377598,2026-05-22T18:14:19.621,sample,1,0.566818,0.665688,0.388221,0.445280,0.628331,0.506842,44.336212,-5.323671,0.000000,0.225972,0.038012,0.500000,,,1779488059.619431019,,,,,,,,,0,0,0,0,28902,32767,18529,19537,start_traj
1779488059.631784,1.388321,2026-05-22T18:14:19.631,sample,1,0.572772,0.667205,0.379412,0.445280,0.628331,0.506842,44.336212,-5.323671,0.000000,0.225972,0.038012,0.500000,,,1779488059.627615452,,,,,,,,,0,0,0,0,28902,32767,18529,19537,start_traj
1779488059.642544,1.399081,2026-05-22T18:14:19.642,sample,1,0.578570,0.668775,0.368884,0.585944,0.672326,0.356674,-23.021191,6.090858,0.000000,0.225972,0.038012,0.500000,,,1779488059.635845184,,,,,,,,,0,0,0,0,18959,32702,31986,32767,start_traj
1779488059.653458,1.409996,2026-05-22T18:14:19.653,sample,1,0.590118,0.671380,0.344029,0.585944,0.672326,0.356674,-23.021191,6.090858,0.000000,0.225972,0.038012,0.500000,,,1779488059.652142763,,,,,,,,,0,0,0,0,18959,32702,31986,32767,start_traj
1779488059.664135,1.420672,2026-05-22T18:14:19.664,sample,1,0.596112,0.672344,0.330613,0.585944,0.672326,0.356674,-23.021191,6.090858,0.000000,0.225972,0.038012,0.500000,,,1779488059.660438299,,,,,,,,,0,0,0,0,18959,32702,31986,32767,start_traj
1779488059.674915,1.431453,2026-05-22T18:14:19.674,sample,1,0.602191,0.673329,0.317078,0.585944,0.672326,0.356674,-23.021191,6.090858,0.000000,0.225972,0.038012,0.500000,,,1779488059.672086000,,,,,,,,,0,0,0,0,18959,32702,31986,32767,start_traj
1779488059.685651,1.442189,2026-05-22T18:14:19.685,sample,1,0.613364,0.671266,0.284262,0.585944,0.672326,0.356674,-23.021191,6.090858,0.000000,0.225972,0.038012,0.500000,,,1779488059.685471296,,,,,,,,,0,0,0,0,18959,32702,31986,32767,start_traj
1779488059.696390,1.452927,2026-05-22T18:14:19.696,sample,1,0.619296,0.669706,0.268941,0.585944,0.672326,0.356674,-23.021191,6.090858,0.000000,0.225972,0.038012,0.500000,,,1779488059.694181204,,,,,,,,,0,0,0,0,25,-1,32755,32767,start_traj
1779488059.707236,1.463773,2026-05-22T18:14:19.707,sample,1,0.625423,0.670938,0.253715,0.585944,0.672326,0.356674,-23.021191,6.090858,0.000000,0.225972,0.038012,0.500000,,,1779488059.702742815,,,,,,,,,0,0,0,0,25,-1,32755,32767,start_traj
1779488059.717957,1.474495,2026-05-22T18:14:19.717,sample,1,0.631497,0.671607,0.236926,0.585944,0.672326,0.356674,-23.021191,6.090858,0.000000,0.225972,0.038012,0.500000,,,1779488059.710792542,,,,,,,,,0,0,0,0,25,-1,32755,32767,start_traj
1779488059.728741,1.485279,2026-05-22T18:14:19.728,sample,1,0.643093,0.678758,0.207027,0.585944,0.672326,0.356674,-23.021191,6.090858,0.000000,0.225972,0.038012,0.500000,,,1779488059.727268696,,,,,,,,,0,0,0,0,25,-1,32755,32767,start_traj
1779488059.739606,1.496143,2026-05-22T18:14:19.739,sample,1,0.652436,0.677696,0.182066,0.585944,0.672326,0.356674,-23.021191,6.090858,0.000000,0.225972,0.038012,0.500000,,,1779488059.736167192,,,,,,,,,0,0,0,0,25,-1,32755,32767,start_traj
1779488059.750392,1.506930,2026-05-22T18:14:19.750,sample,1,0.658483,0.673697,0.162438,0.585944,0.672326,0.356674,-23.021191,6.090858,0.000000,0.225972,0.038012,0.500000,,,1779488059.744227171,,,,,,,,,0,0,0,0,11,-24,-21,32767,start_traj
1779488059.761154,1.517691,2026-05-22T18:14:19.761,sample,1,0.665667,0.675865,0.142808,0.585944,0.672326,0.356674,-23.021191,6.090858,0.000000,0.225972,0.038012,0.500000,,,1779488059.752721310,,,,,,,,,0,0,0,0,11,-24,-21,32767,start_traj
1779488059.771981,1.528519,2026-05-22T18:14:19.771,sample,1,0.679846,0.682076,0.099399,0.585944,0.672326,0.356674,-23.021191,6.090858,0.000000,0.225972,0.038012,0.500000,,,1779488059.769643307,,,,,,,,,0,0,0,0,11,-24,-21,32767,start_traj
1779488059.782925,1.539462,2026-05-22T18:14:19.782,sample,1,0.687046,0.684764,0.076129,0.585944,0.672326,0.356674,-23.021191,6.090858,0.000000,0.225972,0.038012,0.500000,,,1779488059.777291059,,,,,,,,,0,0,0,0,11,-24,-21,32767,start_traj
1779488059.793783,1.550320,2026-05-22T18:14:19.793,sample,1,0.694507,0.687298,0.052019,0.585944,0.672326,0.356674,-23.021191,6.090858,0.000000,0.225972,0.038012,0.500000,,,1779488059.786081314,,,,,,,,,0,0,0,0,11344,32741,12163,33,start_traj
1779488059.804542,1.561080,2026-05-22T18:14:19.804,sample,1,0.704109,0.694965,0.006340,0.585944,0.672326,0.356674,-23.021191,6.090858,0.000000,0.225972,0.038012,0.500000,,,1779488059.802429438,,,,,,,,,0,0,0,0,11344,32741,12163,33,start_traj
1779488059.815257,1.571794,2026-05-22T18:14:19.815,sample,1,0.708229,0.707557,-0.004576,0.585944,0.672326,0.356674,-23.021191,6.090858,0.000000,0.225972,0.038012,0.500000,,,1779488059.810448170,,,,,,,,,0,0,0,0,11344,32741,12163,33,start_traj
1779488059.825996,1.582534,2026-05-22T18:14:19.825,sample,1,0.712901,0.718728,-0.014414,0.585944,0.672326,0.356674,-23.021191,6.090858,0.000000,0.225972,0.038012,0.500000,,,1779488059.818903923,,,,,,,,,0,0,0,0,11344,32741,12163,33,start_traj
1779488059.836711,1.593249,2026-05-22T18:14:19.836,sample,1,0.719268,0.679689,0.048136,0.585944,0.672326,0.356674,-23.021191,6.090858,0.000000,0.225972,0.038012,0.500000,,,1779488059.835718632,,,,,,,,,0,0,0,0,11344,32741,12163,33,start_traj
1779488059.847543,1.604081,2026-05-22T18:14:19.847,sample,1,0.724807,0.674805,0.055074,0.756405,0.701871,-0.167186,175.781235,-31.293600,0.000000,0.225972,0.038012,0.500000,,,1779488059.844047070,,,,,,,,,0,0,0,0,32767,1355,3966,20440,start_traj
1779488059.858402,1.614940,2026-05-22T18:14:19.858,sample,1,0.729168,0.669438,0.061859,0.756405,0.701871,-0.167186,175.781235,-31.293600,0.000000,0.225972,0.038012,0.500000,,,1779488059.852811337,,,,,,,,,0,0,0,0,32767,1355,3966,20440,start_traj
1779488059.869121,1.625659,2026-05-22T18:14:19.869,sample,1,0.732154,0.664615,0.068068,0.756405,0.701871,-0.167186,175.781235,-31.293600,0.000000,0.225972,0.038012,0.500000,,,1779488059.861121655,,,,,,,,,0,0,0,0,32767,1355,3966,20440,start_traj
1779488059.879949,1.636487,2026-05-22T18:14:19.879,sample,1,0.740676,0.654932,0.078295,0.756405,0.701871,-0.167186,175.781235,-31.293600,0.000000,0.225972,0.038012,0.500000,,,1779488059.877040625,,,,,,,,,0,0,0,0,32767,1355,3966,20440,start_traj
1779488059.890787,1.647325,2026-05-22T18:14:19.890,sample,1,0.744234,0.650111,0.082471,0.756405,0.701871,-0.167186,175.781235,-31.293600,0.000000,0.225972,0.038012,0.500000,,,1779488059.886347532,,,,,,,,,0,0,0,0,32722,32767,15829,14601,start_traj
1779488059.901507,1.658044,2026-05-22T18:14:19.901,sample,1,0.746540,0.644341,0.086210,0.756405,0.701871,-0.167186,175.781235,-31.293600,0.000000,0.225972,0.038012,0.500000,,,1779488059.894665480,,,,,,,,,0,0,0,0,32722,32767,15829,14601,start_traj
1779488059.912177,1.668715,2026-05-22T18:14:19.912,sample,1,0.751422,0.633088,0.089795,0.756405,0.701871,-0.167186,175.781235,-31.293600,0.000000,0.225972,0.038012,0.500000,,,1779488059.910598993,,,,,,,,,0,0,0,0,32722,32767,15829,14601,start_traj
1779488059.922958,1.679496,2026-05-22T18:14:19.922,sample,1,0.753582,0.626008,0.091042,0.756405,0.701871,-0.167186,175.781235,-31.293600,0.000000,0.225972,0.038012,0.500000,,,1779488059.919207811,,,,,,,,,0,0,0,0,32722,32767,15829,14601,start_traj
1779488059.933651,1.690189,2026-05-22T18:14:19.933,sample,1,0.755818,0.619241,0.091548,0.756405,0.701871,-0.167186,175.781235,-31.293600,0.000000,0.225972,0.038012,0.500000,,,1779488059.927871466,,,,,,,,,0,0,0,0,32722,32767,15829,14601,start_traj
1779488059.944394,1.700931,2026-05-22T18:14:19.944,sample,1,0.760651,0.604763,0.090138,0.756405,0.701871,-0.167186,175.781235,-31.293600,0.000000,0.225972,0.038012,0.500000,,,1779488059.944052219,,,,,,,,,0,0,0,0,32767,32741,12779,15968,start_traj
1779488059.955047,1.711584,2026-05-22T18:14:19.955,sample,1,0.762791,0.597037,0.089648,0.756405,0.701871,-0.167186,175.781235,-31.293600,0.000000,0.225972,0.038012,0.500000,,,1779488059.952574968,,,,,,,,,0,0,0,0,32767,32741,12779,15968,start_traj
1779488059.965984,1.722521,2026-05-22T18:14:19.965,sample,1,0.765413,0.589202,0.088028,0.756405,0.701871,-0.167186,175.781235,-31.293600,0.000000,0.225972,0.038012,0.500000,,,1779488059.961286545,,,,,,,,,0,0,0,0,32767,32741,12779,15968,start_traj
1779488059.976703,1.733240,2026-05-22T18:14:19.976,sample,1,0.768293,0.581341,0.085953,0.756405,0.701871,-0.167186,175.781235,-31.293600,0.000000,0.225972,0.038012,0.500000,,,1779488059.969426632,,,,,,,,,0,0,0,0,32767,32741,12779,15968,start_traj
1779488059.987509,1.744046,2026-05-22T18:14:19.987,sample,1,0.775219,0.565603,0.079913,0.756405,0.701871,-0.167186,175.781235,-31.293600,0.000000,0.225972,0.038012,0.500000,,,1779488059.986134529,,,,,,,,,0,0,0,0,32767,32741,12779,15968,start_traj
1779488059.998281,1.754818,2026-05-22T18:14:19.998,sample,1,0.779084,0.558040,0.075498,0.756405,0.701871,-0.167186,175.781235,-31.293600,0.000000,0.225972,0.038012,0.500000,,,1779488059.994774818,,,,,,,,,0,0,0,0,32767,32758,10996,18806,start_traj
1779488060.009106,1.765644,2026-05-22T18:14:20.009,sample,1,0.782360,0.551393,0.071168,0.756405,0.701871,-0.167186,175.781235,-31.293600,0.000000,0.225972,0.038012,0.500000,,,1779488060.002456903,,,,,,,,,0,0,0,0,32767,32758,10996,18806,start_traj
1779488060.019894,1.776432,2026-05-22T18:14:20.019,sample,1,0.781874,0.546549,0.076454,0.756405,0.701871,-0.167186,175.781235,-31.293600,0.000000,0.225972,0.038012,0.500000,,,1779488060.019455433,,,,,,,,,0,0,0,0,32767,32758,10996,18806,start_traj
1779488060.030637,1.787174,2026-05-22T18:14:20.030,sample,1,0.780254,0.544214,0.078149,0.756405,0.701871,-0.167186,175.781235,-31.293600,0.000000,0.225972,0.038012,0.500000,,,1779488060.027775049,,,,,,,,,0,0,0,0,32767,32758,10996,18806,start_traj
1779488060.041358,1.797895,2026-05-22T18:14:20.041,sample,1,0.777743,0.541432,0.078808,0.779609,0.546244,-0.328939,-44.416607,26.426443,0.000000,0.225972,0.038012,0.500000,,,1779488060.036227703,,,,,,,,,0,0,0,0,32613,91,32767,-103,start_traj
1779488060.052007,1.808545,2026-05-22T18:14:20.052,sample,1,0.774651,0.537765,0.079303,0.779609,0.546244,-0.328939,-44.416607,26.426443,0.000000,0.225972,0.038012,0.500000,,,1779488060.044785738,,,,,,,,,0,0,0,0,32613,91,32767,-103,start_traj
1779488060.062766,1.819304,2026-05-22T18:14:20.062,sample,1,0.769214,0.526086,0.085677,0.779609,0.546244,-0.328939,-44.416607,26.426443,0.000000,0.225972,0.038012,0.500000,,,1779488060.060945988,,,,,,,,,0,0,0,0,32613,91,32767,-103,start_traj
1779488060.073458,1.829996,2026-05-22T18:14:20.073,sample,1,0.767095,0.519393,0.088189,0.779609,0.546244,-0.328939,-44.416607,26.426443,0.000000,0.225972,0.038012,0.500000,,,1779488060.069847584,,,,,,,,,0,0,0,0,32613,91,32767,-103,start_traj
1779488060.084197,1.840734,2026-05-22T18:14:20.084,sample,1,0.765301,0.512165,0.089584,0.779609,0.546244,-0.328939,-44.416607,26.426443,0.000000,0.225972,0.038012,0.500000,,,1779488060.077965021,,,,,,,,,0,0,0,0,32613,91,32767,-103,start_traj
1779488060.094254,1.850791,2026-05-22T18:14:20.094,sample,1,0.764072,0.504714,0.090505,0.779609,0.546244,-0.328939,-44.416607,26.426443,0.000000,0.225972,0.038012,0.500000,,,1779488060.087482214,,,,,,,,,0,0,0,0,32767,10533,32740,-25,start_traj
1779488060.104858,1.861396,2026-05-22T18:14:20.104,sample,1,0.763095,0.489401,0.091062,0.779609,0.546244,-0.328939,-44.416607,26.426443,0.000000,0.225972,0.038012,0.500000,,,1779488060.102851629,,,,,,,,,0,0,0,0,32767,10533,32740,-25,start_traj
1779488060.115417,1.871954,2026-05-22T18:14:20.115,sample,1,0.763431,0.481689,0.090588,0.779609,0.546244,-0.328939,-44.416607,26.426443,0.000000,0.225972,0.038012,0.500000,,,1779488060.111498833,,,,,,,,,0,0,0,0,32767,10533,32740,-25,start_traj
1779488060.125599,1.882137,2026-05-22T18:14:20.125,sample,1,0.764203,0.474197,0.089660,0.779609,0.546244,-0.328939,-44.416607,26.426443,0.000000,0.225972,0.038012,0.500000,,,1779488060.119761944,,,,,,,,,0,0,0,0,32767,10533,32740,-25,start_traj
1779488060.136184,1.892721,2026-05-22T18:14:20.136,sample,1,0.765402,0.467206,0.088374,0.779609,0.546244,-0.328939,-44.416607,26.426443,0.000000,0.225972,0.038012,0.500000,,,1779488060.127190828,,,,,,,,,0,0,0,0,32767,10533,32740,-25,start_traj
1779488060.146754,1.903291,2026-05-22T18:14:20.146,sample,1,0.767842,0.453294,0.085396,0.779609,0.546244,-0.328939,-44.416607,26.426443,0.000000,0.225972,0.038012,0.500000,,,1779488060.144681454,,,,,,,,,0,0,0,0,32767,32767,32518,-40,start_traj
1779488060.157333,1.913871,2026-05-22T18:14:20.157,sample,1,0.769154,0.446689,0.083621,0.779609,0.546244,-0.328939,-44.416607,26.426443,0.000000,0.225972,0.038012,0.500000,,,1779488060.152251244,,,,,,,,,0,0,0,0,32767,32767,32518,-40,start_traj
1779488060.168031,1.924568,2026-05-22T18:14:20.168,sample,1,0.770009,0.440211,0.081652,0.779609,0.546244,-0.328939,-44.416607,26.426443,0.000000,0.225972,0.038012,0.500000,,,1779488060.160716057,,,,,,,,,0,0,0,0,32767,32767,32518,-40,start_traj
1779488060.178581,1.935118,2026-05-22T18:14:20.178,sample,1,0.770520,0.433483,0.080631,0.779609,0.546244,-0.328939,-44.416607,26.426443,0.000000,0.225972,0.038012,0.500000,,,1779488060.169216394,,,,,,,,,0,0,0,0,32767,32767,32518,-40,start_traj
1779488060.189342,1.945880,2026-05-22T18:14:20.189,sample,1,0.769597,0.420578,0.081642,0.779609,0.546244,-0.328939,-44.416607,26.426443,0.000000,0.225972,0.038012,0.500000,,,1779488060.185898542,,,,,,,,,0,0,0,0,32767,32767,32518,-40,start_traj
1779488060.199989,1.956527,2026-05-22T18:14:20.199,sample,1,0.768512,0.413694,0.081741,0.779609,0.546244,-0.328939,-44.416607,26.426443,0.000000,0.225972,0.038012,0.500000,,,1779488060.194651604,,,,,,,,,0,0,0,0,32767,19944,-65,9,start_traj
1779488060.210523,1.967061,2026-05-22T18:14:20.210,sample,1,0.767027,0.406076,0.081364,0.779609,0.546244,-0.328939,-44.416607,26.426443,0.000000,0.225972,0.038012,0.500000,,,1779488060.202835798,,,,,,,,,0,0,0,0,32767,19944,-65,9,start_traj
1779488060.221368,1.977905,2026-05-22T18:14:20.221,sample,1,0.763329,0.388536,0.079588,0.779609,0.546244,-0.328939,-44.416607,26.426443,0.000000,0.225972,0.038012,0.500000,,,1779488060.218905210,,,,,,,,,0,0,0,0,32767,19944,-65,9,start_traj
1779488060.232000,1.988538,2026-05-22T18:14:20.232,sample,1,0.761097,0.378751,0.077759,0.779609,0.546244,-0.328939,-44.416607,26.426443,0.000000,0.225972,0.038012,0.500000,,,1779488060.229418278,,,,,,,,,0,0,0,0,32767,19944,-65,9,start_traj
1779488060.242671,1.999209,2026-05-22T18:14:20.242,sample,1,0.759052,0.368088,0.075247,0.821311,0.312509,-0.180978,-6.795825,5.153978,0.000000,0.225972,0.038012,0.500000,,,1779488060.235962152,,,,,,,,,0,0,0,0,32756,168,14870,-157,start_traj
1779488060.253254,2.009792,2026-05-22T18:14:20.253,sample,1,0.755069,0.344497,0.068346,0.821311,0.312509,-0.180978,-6.795825,5.153978,0.000000,0.225972,0.038012,0.500000,,,1779488060.252173662,,,,,,,,,0,0,0,0,32756,168,14870,-157,start_traj
1779488060.263839,2.020377,2026-05-22T18:14:20.263,sample,1,0.753547,0.331946,0.063792,0.821311,0.312509,-0.180978,-6.795825,5.153978,0.000000,0.225972,0.038012,0.500000,,,1779488060.260721445,,,,,,,,,0,0,0,0,32756,168,14870,-157,start_traj
1779488060.274468,2.031006,2026-05-22T18:14:20.274,sample,1,0.752923,0.319695,0.059154,0.821311,0.312509,-0.180978,-6.795825,5.153978,0.000000,0.225972,0.038012,0.500000,,,1779488060.272479296,,,,,,,,,0,0,0,0,32756,168,14870,-157,start_traj
1779488060.285069,2.041606,2026-05-22T18:14:20.285,sample,1,0.754207,0.310869,0.062052,0.821311,0.312509,-0.180978,-6.795825,5.153978,0.000000,0.225972,0.038012,0.500000,,,1779488060.277403355,,,,,,,,,0,0,0,0,32756,168,14870,-157,start_traj
1779488060.295691,2.052229,2026-05-22T18:14:20.295,sample,1,0.756268,0.293167,0.066659,0.821311,0.312509,-0.180978,-6.795825,5.153978,0.000000,0.225972,0.038012,0.500000,,,1779488060.294795752,,,,,,,,,0,0,0,0,2,32764,32767,21551,start_traj
1779488060.306264,2.062801,2026-05-22T18:14:20.306,sample,1,0.757227,0.283926,0.068614,0.821311,0.312509,-0.180978,-6.795825,5.153978,0.000000,0.225972,0.038012,0.500000,,,1779488060.303830385,,,,,,,,,0,0,0,0,2,32764,32767,21551,start_traj
1779488060.316816,2.073353,2026-05-22T18:14:20.316,sample,1,0.758023,0.274562,0.070381,0.821311,0.312509,-0.180978,-6.795825,5.153978,0.000000,0.225972,0.038012,0.500000,,,1779488060.310949802,,,,,,,,,0,0,0,0,2,32764,32767,21551,start_traj
1779488060.327364,2.083901,2026-05-22T18:14:20.327,sample,1,0.758689,0.264814,0.071789,0.821311,0.312509,-0.180978,-6.795825,5.153978,0.000000,0.225972,0.038012,0.500000,,,1779488060.319518089,,,,,,,,,0,0,0,0,2,32764,32767,21551,start_traj
1779488060.337940,2.094478,2026-05-22T18:14:20.337,sample,1,0.759434,0.245270,0.073886,0.821311,0.312509,-0.180978,-6.795825,5.153978,0.000000,0.225972,0.038012,0.500000,,,1779488060.336117506,,,,,,,,,0,0,0,0,2,32764,32767,21551,start_traj
1779488060.348559,2.105097,2026-05-22T18:14:20.348,sample,1,0.759656,0.235118,0.074911,0.821311,0.312509,-0.180978,-6.795825,5.153978,0.000000,0.225972,0.038012,0.500000,,,1779488060.344308138,,,,,,,,,0,0,0,0,32764,26259,14153,19382,start_traj
1779488060.359160,2.115697,2026-05-22T18:14:20.359,sample,1,0.759855,0.224765,0.075776,0.821311,0.312509,-0.180978,-6.795825,5.153978,0.000000,0.225972,0.038012,0.500000,,,1779488060.352466345,,,,,,,,,0,0,0,0,32764,26259,14153,19382,start_traj
1779488060.369710,2.126248,2026-05-22T18:14:20.369,sample,1,0.759923,0.214408,0.076670,0.821311,0.312509,-0.180978,-6.795825,5.153978,0.000000,0.225972,0.038012,0.500000,,,1779488060.360980272,,,,,,,,,0,0,0,0,32764,26259,14153,19382,start_traj
1779488060.380363,2.136900,2026-05-22T18:14:20.380,sample,1,0.760175,0.192971,0.078522,0.821311,0.312509,-0.180978,-6.795825,5.153978,0.000000,0.225972,0.038012,0.500000,,,1779488060.379131556,,,,,,,,,0,0,0,0,32764,26259,14153,19382,start_traj
1779488060.390957,2.147494,2026-05-22T18:14:20.390,sample,1,0.760413,0.182172,0.079636,0.821311,0.312509,-0.180978,-6.795825,5.153978,0.000000,0.225972,0.038012,0.500000,,,1779488060.386147261,,,,,,,,,0,0,0,0,32743,9063,19633,32767,start_traj
1779488060.401593,2.158130,2026-05-22T18:14:20.401,sample,1,0.760752,0.171067,0.080905,0.821311,0.312509,-0.180978,-6.795825,5.153978,0.000000,0.225972,0.038012,0.500000,,,1779488060.396081686,,,,,,,,,0,0,0,0,32743,9063,19633,32767,start_traj
1779488060.412201,2.168738,2026-05-22T18:14:20.412,sample,1,0.762023,0.148667,0.083287,0.821311,0.312509,-0.180978,-6.795825,5.153978,0.000000,0.225972,0.038012,0.500000,,,1779488060.410821676,,,,,,,,,0,0,0,0,32743,9063,19633,32767,start_traj
1779488060.422736,2.179274,2026-05-22T18:14:20.422,sample,1,0.763056,0.137428,0.084780,0.821311,0.312509,-0.180978,-6.795825,5.153978,0.000000,0.225972,0.038012,0.500000,,,1779488060.419071198,,,,,,,,,0,0,0,0,32743,9063,19633,32767,start_traj
1779488060.433320,2.189858,2026-05-22T18:14:20.433,sample,1,0.764339,0.125983,0.086363,0.821311,0.312509,-0.180978,-6.795825,5.153978,0.000000,0.225972,0.038012,0.500000,,,1779488060.427751780,,,,,,,,,0,0,0,0,32743,9063,19633,32767,start_traj
1779488060.443904,2.200441,2026-05-22T18:14:20.443,sample,1,0.765968,0.114575,0.088037,0.761463,0.070707,-0.034144,7.998087,-12.116363,0.000000,0.225972,0.038012,0.500000,,,1779488060.435424328,,,,,,,,,0,0,0,0,32767,29313,25426,32764,start_traj
1779488060.454518,2.211056,2026-05-22T18:14:20.454,sample,1,0.769863,0.091499,0.091902,0.761463,0.070707,-0.034144,7.998087,-12.116363,0.000000,0.225972,0.038012,0.500000,,,1779488060.452264786,,,,,,,,,0,0,0,0,32767,29313,25426,32764,start_traj
1779488060.465183,2.221721,2026-05-22T18:14:20.465,sample,1,0.772437,0.079778,0.094049,0.761463,0.070707,-0.034144,7.998087,-12.116363,0.000000,0.225972,0.038012,0.500000,,,1779488060.460684538,,,,,,,,,0,0,0,0,32767,29313,25426,32764,start_traj
1779488060.475765,2.232302,2026-05-22T18:14:20.475,sample,1,0.775433,0.067816,0.096201,0.761463,0.070707,-0.034144,7.998087,-12.116363,0.000000,0.225972,0.038012,0.500000,,,1779488060.468751669,,,,,,,,,0,0,0,0,32767,29313,25426,32764,start_traj
1779488060.486433,2.242971,2026-05-22T18:14:20.486,sample,1,0.778682,0.055880,0.098270,0.761463,0.070707,-0.034144,7.998087,-12.116363,0.000000,0.225972,0.038012,0.500000,,,1779488060.477100372,,,,,,,,,0,0,0,0,32767,29313,25426,32764,start_traj
1779488060.496994,2.253531,2026-05-22T18:14:20.496,sample,1,0.786515,0.031082,0.102064,0.761463,0.070707,-0.034144,7.998087,-12.116363,0.000000,0.225972,0.038012,0.500000,,,1779488060.494637251,,,,,,,,,0,0,0,0,32766,32767,5407,4869,start_traj
1779488060.507537,2.264075,2026-05-22T18:14:20.507,sample,1,0.791152,0.017996,0.103967,0.761463,0.070707,-0.034144,7.998087,-12.116363,0.000000,0.225972,0.038012,0.500000,,,1779488060.502069473,,,,,,,,,0,0,0,0,32766,32767,5407,4869,start_traj
1779488060.518258,2.274795,2026-05-22T18:14:20.518,sample,1,0.795641,0.004712,0.104822,0.761463,0.070707,-0.034144,7.998087,-12.116363,0.000000,0.225972,0.038012,0.500000,,,1779488060.510672808,,,,,,,,,0,0,0,0,32766,32767,5407,4869,start_traj
1779488060.528825,2.285363,2026-05-22T18:14:20.528,sample,1,0.806100,-0.023141,0.106035,0.761463,0.070707,-0.034144,7.998087,-12.116363,0.000000,0.225972,0.038012,0.500000,,,1779488060.527061462,,,,,,,,,0,0,0,0,32766,32767,5407,4869,start_traj
1779488060.539483,2.296020,2026-05-22T18:14:20.539,sample,1,0.811806,-0.037922,0.106161,0.761463,0.070707,-0.034144,7.998087,-12.116363,0.000000,0.225972,0.038012,0.500000,,,1779488060.536165476,,,,,,,,,0,0,0,0,32766,32767,5407,4869,start_traj
1779488060.550065,2.306602,2026-05-22T18:14:20.550,sample,1,0.816819,-0.053049,0.105259,0.761463,0.070707,-0.034144,7.998087,-12.116363,0.000000,0.225972,0.038012,0.500000,,,1779488060.545067549,,,,,,,,,0,0,0,0,23361,32764,4151,5,start_traj
1779488060.560658,2.317196,2026-05-22T18:14:20.560,sample,1,0.822361,-0.068490,0.104475,0.761463,0.070707,-0.034144,7.998087,-12.116363,0.000000,0.225972,0.038012,0.500000,,,1779488060.553081751,,,,,,,,,0,0,0,0,23361,32764,4151,5,start_traj
1779488060.571290,2.327827,2026-05-22T18:14:20.571,sample,1,0.831777,-0.100592,0.097919,0.761463,0.070707,-0.034144,7.998087,-12.116363,0.000000,0.225972,0.038012,0.500000,,,1779488060.569050074,,,,,,,,,0,0,0,0,23361,32764,4151,5,start_traj
1779488060.581894,2.338432,2026-05-22T18:14:20.581,sample,1,0.834989,-0.116543,0.094587,0.761463,0.070707,-0.034144,7.998087,-12.116363,0.000000,0.225972,0.038012,0.500000,,,1779488060.577461481,,,,,,,,,0,0,0,0,23361,32764,4151,5,start_traj
1779488060.592470,2.349007,2026-05-22T18:14:20.592,sample,1,0.837804,-0.131833,0.091054,0.761463,0.070707,-0.034144,7.998087,-12.116363,0.000000,0.225972,0.038012,0.500000,,,1779488060.585955858,,,,,,,,,0,0,0,0,4109,32767,14092,-3,start_traj
1779488060.603064,2.359601,2026-05-22T18:14:20.603,sample,1,0.842660,-0.165209,0.078924,0.761463,0.070707,-0.034144,7.998087,-12.116363,0.000000,0.225972,0.038012,0.500000,,,1779488060.602684975,,,,,,,,,0,0,0,0,4109,32767,14092,-3,start_traj
1779488060.613645,2.370182,2026-05-22T18:14:20.613,sample,1,0.845873,-0.179736,0.075477,0.761463,0.070707,-0.034144,7.998087,-12.116363,0.000000,0.225972,0.038012,0.500000,,,1779488060.612624884,,,,,,,,,0,0,0,0,4109,32767,14092,-3,start_traj
1779488060.624241,2.380779,2026-05-22T18:14:20.624,sample,1,0.851132,-0.183909,0.076175,0.761463,0.070707,-0.034144,7.998087,-12.116363,0.000000,0.225972,0.038012,0.500000,,,1779488060.619277954,,,,,,,,,0,0,0,0,4109,32767,14092,-3,start_traj
1779488060.634788,2.391325,2026-05-22T18:14:20.634,sample,1,0.857948,-0.196171,0.071039,0.761463,0.070707,-0.034144,7.998087,-12.116363,0.000000,0.225972,0.038012,0.500000,,,1779488060.627931356,,,,,,,,,0,0,0,0,4109,32767,14092,-3,start_traj
1779488060.645362,2.401900,2026-05-22T18:14:20.645,sample,1,0.871275,-0.220058,0.063378,0.827632,-0.212276,0.060166,166.679596,33.194115,0.000000,0.225972,0.038012,0.500000,,,1779488060.644802809,,,,,,,,,0,0,0,0,1,32767,0,0,start_traj
1779488060.655934,2.412471,2026-05-22T18:14:20.655,sample,1,0.874647,-0.228822,0.064593,0.827632,-0.212276,0.060166,166.679596,33.194115,0.000000,0.225972,0.038012,0.500000,,,1779488060.652387619,,,,,,,,,0,0,0,0,1,32767,0,0,start_traj
1779488060.666521,2.423059,2026-05-22T18:14:20.666,sample,1,0.878860,-0.242165,0.067198,0.827632,-0.212276,0.060166,166.679596,33.194115,0.000000,0.225972,0.038012,0.500000,,,1779488060.661061525,,,,,,,,,0,0,0,0,1,32767,0,0,start_traj
1779488060.677103,2.433640,2026-05-22T18:14:20.677,sample,1,0.882845,-0.254286,0.070295,0.827632,-0.212276,0.060166,166.679596,33.194115,0.000000,0.225972,0.038012,0.500000,,,1779488060.669469118,,,,,,,,,0,0,0,0,1,32767,0,0,start_traj
1779488060.687906,2.444443,2026-05-22T18:14:20.687,sample,1,0.888498,-0.276913,0.074798,0.827632,-0.212276,0.060166,166.679596,33.194115,0.000000,0.225972,0.038012,0.500000,,,1779488060.685606241,,,,,,,,,0,0,0,0,1,32767,0,0,start_traj
1779488060.698539,2.455076,2026-05-22T18:14:20.698,sample,1,0.891561,-0.288389,0.075633,0.827632,-0.212276,0.060166,166.679596,33.194115,0.000000,0.225972,0.038012,0.500000,,,1779488060.694540739,,,,,,,,,0,0,0,0,32448,32746,32767,10,start_traj
1779488060.709161,2.465699,2026-05-22T18:14:20.709,sample,1,0.894234,-0.299466,0.076083,0.827632,-0.212276,0.060166,166.679596,33.194115,0.000000,0.225972,0.038012,0.500000,,,1779488060.704479694,,,,,,,,,0,0,0,0,32448,32746,32767,10,start_traj
1779488060.719750,2.476288,2026-05-22T18:14:20.719,sample,1,0.897656,-0.320249,0.071952,0.827632,-0.212276,0.060166,166.679596,33.194115,0.000000,0.225972,0.038012,0.500000,,,1779488060.718835831,,,,,,,,,0,0,0,0,32448,32746,32767,10,start_traj
1779488060.730370,2.486908,2026-05-22T18:14:20.730,sample,1,0.899893,-0.328380,0.069996,0.827632,-0.212276,0.060166,166.679596,33.194115,0.000000,0.225972,0.038012,0.500000,,,1779488060.727303505,,,,,,,,,0,0,0,0,32448,32746,32767,10,start_traj
1779488060.740983,2.497521,2026-05-22T18:14:20.740,sample,1,0.902048,-0.335131,0.069597,0.827632,-0.212276,0.060166,166.679596,33.194115,0.000000,0.225972,0.038012,0.500000,,,1779488060.736733913,,,,,,,,,0,0,0,0,-15,32767,11,0,start_traj
1779488060.751627,2.508165,2026-05-22T18:14:20.751,sample,1,0.903968,-0.341339,0.068435,0.827632,-0.212276,0.060166,166.679596,33.194115,0.000000,0.225972,0.038012,0.500000,,,1779488060.744300842,,,,,,,,,0,0,0,0,-15,32767,11,0,start_traj
1779488060.762257,2.518794,2026-05-22T18:14:20.762,sample,1,0.906435,-0.352546,0.064257,0.827632,-0.212276,0.060166,166.679596,33.194115,0.000000,0.225972,0.038012,0.500000,,,1779488060.760995150,,,,,,,,,0,0,0,0,-15,32767,11,0,start_traj
1779488060.772788,2.529325,2026-05-22T18:14:20.772,sample,1,0.905437,-0.357195,0.062198,0.827632,-0.212276,0.060166,166.679596,33.194115,0.000000,0.225972,0.038012,0.500000,,,1779488060.769782782,,,,,,,,,0,0,0,0,-15,32767,11,0,start_traj
1779488060.783386,2.539923,2026-05-22T18:14:20.783,sample,1,0.904426,-0.361471,0.061301,0.827632,-0.212276,0.060166,166.679596,33.194115,0.000000,0.225972,0.038012,0.500000,,,1779488060.777214289,,,,,,,,,0,0,0,0,-15,32767,11,0,start_traj
1779488060.793962,2.550500,2026-05-22T18:14:20.793,sample,1,0.903387,-0.365117,0.060835,0.827632,-0.212276,0.060166,166.679596,33.194115,0.000000,0.225972,0.038012,0.500000,,,1779488060.785678387,,,,,,,,,0,0,0,0,12625,32767,0,-2,start_traj
1779488060.804661,2.561198,2026-05-22T18:14:20.804,sample,1,0.901322,-0.372420,0.059036,0.827632,-0.212276,0.060166,166.679596,33.194115,0.000000,0.225972,0.038012,0.500000,,,1779488060.802427769,,,,,,,,,0,0,0,0,12625,32767,0,-2,start_traj
