time_wall,time_ms,state_x,state_y,state_z,roll,pitch,yaw,u1_16,u2_16,u3_16,u4_16
2026-03-05T19:56:51.710553+00:00,1772740611710.552,1.002930,-0.451904,0.740234,-0.253174,-0.286621,-5.414062,18818,17695,18844,17445
2026-03-05T19:56:51.719894+00:00,1772740611719.893,1.003906,-0.451904,0.740234,-0.241943,-0.316895,-5.421875,18700,17706,18917,17492
2026-03-05T19:56:51.729640+00:00,1772740611729.639,1.003906,-0.451904,0.740234,-0.247925,-0.337402,-5.425781,18726,17689,18954,17458
2026-03-05T19:56:51.739548+00:00,1772740611739.548,1.003906,-0.451660,0.740234,-0.250244,-0.361816,-5.425781,18769,17673,18927,17455
2026-03-05T19:56:51.749596+00:00,1772740611749.596,1.003906,-0.451660,0.740234,-0.261475,-0.378906,-5.425781,18759,17600,19094,17345
2026-03-05T19:56:51.759412+00:00,1772740611759.412,1.003906,-0.451660,0.740234,-0.261475,-0.378906,-5.425781,18706,17642,19038,17431
2026-03-05T19:56:51.769178+00:00,1772740611769.177,1.003906,-0.451660,0.740234,-0.316895,-0.364990,-5.421875,18600,17728,18991,17549
2026-03-05T19:56:51.780554+00:00,1772740611780.554,1.003906,-0.451660,0.740234,-0.316895,-0.364990,-5.421875,18658,17712,18950,17569
2026-03-05T19:56:51.791189+00:00,1772740611791.189,1.003906,-0.451660,0.740234,-0.353516,-0.355957,-5.425781,18695,17665,19061,17459
2026-03-05T19:56:51.801197+00:00,1772740611801.197,1.004883,-0.451660,0.740234,-0.383789,-0.343018,-5.425781,18695,17665,19061,17459
2026-03-05T19:56:51.809606+00:00,1772740611809.605,1.004883,-0.451416,0.740234,-0.410400,-0.320801,-5.425781,18687,17680,19050,17449
2026-03-05T19:56:51.818673+00:00,1772740611818.672,1.004883,-0.451416,0.740234,-0.433838,-0.286377,-5.425781,18594,17711,19138,17411
2026-03-05T19:56:51.829430+00:00,1772740611829.429,1.004883,-0.451416,0.740234,-0.459229,-0.244629,-5.417969,18738,17603,19133,17384
2026-03-05T19:56:51.840091+00:00,1772740611840.091,1.004883,-0.451172,0.739746,-0.471680,-0.233643,-5.417969,18612,17708,18958,17563
2026-03-05T19:56:51.848807+00:00,1772740611848.807,1.005859,-0.451172,0.739746,-0.482422,-0.233887,-5.425781,18690,17675,18934,17517
2026-03-05T19:56:51.859502+00:00,1772740611859.502,1.005859,-0.451172,0.740234,-0.474854,-0.224487,-5.425781,18731,17662,19060,17323
2026-03-05T19:56:51.869383+00:00,1772740611869.383,1.005859,-0.451172,0.740234,-0.474854,-0.224487,-5.425781,18739,17607,19039,17370
2026-03-05T19:56:51.879935+00:00,1772740611879.935,1.005859,-0.450928,0.740234,-0.445557,-0.205566,-5.414062,18713,17672,18897,17449
2026-03-05T19:56:51.890517+00:00,1772740611890.517,1.005859,-0.450928,0.740234,-0.445557,-0.205566,-5.414062,18850,17507,19138,17266
2026-03-05T19:56:51.902632+00:00,1772740611902.632,1.006836,-0.450928,0.740234,-0.436035,-0.219727,-5.410156,18932,17500,19136,17252
2026-03-05T19:56:51.911517+00:00,1772740611911.516,1.006836,-0.450684,0.740234,-0.431152,-0.220459,-5.394531,18932,17500,19136,17252
2026-03-05T19:56:51.919792+00:00,1772740611919.792,1.006836,-0.450684,0.740234,-0.406250,-0.209839,-5.382812,18805,17633,18984,17400
2026-03-05T19:56:51.929580+00:00,1772740611929.580,1.006836,-0.450439,0.740234,-0.379883,-0.201172,-5.378906,18778,17666,19018,17328
2026-03-05T19:56:51.940131+00:00,1772740611940.130,1.007812,-0.450439,0.740234,-0.348145,-0.188721,-5.375000,18776,17622,18950,17381
2026-03-05T19:56:51.949226+00:00,1772740611949.226,1.007812,-0.450195,0.740234,-0.324219,-0.190186,-5.371094,18651,17676,18856,17450
2026-03-05T19:56:51.959830+00:00,1772740611959.830,1.007812,-0.450195,0.740234,-0.307617,-0.192017,-5.382812,18603,17658,18801,17487
2026-03-05T19:56:51.969271+00:00,1772740611969.272,1.007812,-0.449951,0.740234,-0.290039,-0.185181,-5.386719,18632,17651,18911,17364
2026-03-05T19:56:51.980000+00:00,1772740611980.000,1.007812,-0.449951,0.740234,-0.290039,-0.185181,-5.386719,18622,17673,18903,17379
2026-03-05T19:56:51.989756+00:00,1772740611989.756,1.008789,-0.449707,0.740234,-0.271973,-0.141968,-5.390625,18610,17667,18904,17372
2026-03-05T19:56:52.000431+00:00,1772740612000.431,1.008789,-0.449951,0.740234,-0.271973,-0.141968,-5.390625,18620,17692,18993,17255
2026-03-05T19:56:52.014927+00:00,1772740612014.927,1.008789,-0.449707,0.740234,-0.260010,-0.089600,-5.390625,18610,17647,18914,17377
2026-03-05T19:56:52.021594+00:00,1772740612021.594,1.008789,-0.449707,0.740723,-0.240723,-0.031708,-5.386719,18610,17647,18914,17377
2026-03-05T19:56:52.029114+00:00,1772740612029.115,1.009766,-0.449463,0.740723,-0.235352,0.008041,-5.386719,18556,17723,18890,17361
2026-03-05T19:56:52.040508+00:00,1772740612040.508,1.009766,-0.449463,0.740723,-0.225342,0.055634,-5.394531,18520,17755,18951,17266
2026-03-05T19:56:52.050251+00:00,1772740612050.251,1.009766,-0.449219,0.740723,-0.200928,0.126831,-5.398438,18523,17751,18898,17287
2026-03-05T19:56:52.059325+00:00,1772740612059.325,1.010742,-0.449219,0.740723,-0.178589,0.168823,-5.406250,18479,17785,18800,17383
2026-03-05T19:56:52.069142+00:00,1772740612069.143,1.010742,-0.448975,0.740723,-0.163330,0.199219,-5.417969,18508,17746,18787,17423
2026-03-05T19:56:52.079654+00:00,1772740612079.655,1.010742,-0.448975,0.740723,-0.139038,0.225952,-5.425781,18597,17720,18974,17185
2026-03-05T19:56:52.089800+00:00,1772740612089.800,1.010742,-0.448975,0.740723,-0.139038,0.225952,-5.425781,18640,17655,18920,17259
2026-03-05T19:56:52.100368+00:00,1772740612100.367,1.010742,-0.448730,0.741211,-0.083557,0.268799,-5.433594,18571,17753,18737,17424
2026-03-05T19:56:52.110420+00:00,1772740612110.419,1.010742,-0.448730,0.740723,-0.083557,0.268799,-5.433594,18546,17762,18806,17392
2026-03-05T19:56:52.121005+00:00,1772740612121.004,1.011719,-0.448730,0.741211,-0.067444,0.268799,-5.449219,18582,17731,18858,17307
2026-03-05T19:56:52.131678+00:00,1772740612131.678,1.011719,-0.448486,0.741211,-0.044006,0.280762,-5.457031,18582,17731,18858,17307
2026-03-05T19:56:52.139376+00:00,1772740612139.376,1.011719,-0.448486,0.741211,-0.029388,0.305908,-5.464844,18573,17721,18836,17332
2026-03-05T19:56:52.150099+00:00,1772740612150.099,1.011719,-0.448486,0.741211,-0.019867,0.294678,-5.476562,18554,17723,18826,17361
2026-03-05T19:56:52.159816+00:00,1772740612159.816,1.012695,-0.448242,0.741211,-0.015778,0.297607,-5.484375,18511,17683,18859,17423
2026-03-05T19:56:52.170232+00:00,1772740612170.232,1.012695,-0.448242,0.741211,-0.018799,0.290039,-5.496094,18550,17754,18751,17472
2026-03-05T19:56:52.180006+00:00,1772740612180.006,1.012695,-0.447998,0.741211,-0.012970,0.268066,-5.511719,18578,17756,18762,17473
2026-03-05T19:56:52.189357+00:00,1772740612189.357,1.012695,-0.447998,0.741211,-0.005486,0.233154,-5.523438,18713,17648,18808,17435
2026-03-05T19:56:52.200548+00:00,1772740612200.548,1.012695,-0.447998,0.741211,-0.005486,0.233154,-5.523438,18685,17653,18850,17438
2026-03-05T19:56:52.210270+00:00,1772740612210.270,1.013672,-0.447998,0.741211,-0.001917,0.138306,-5.542969,18704,17641,18848,17460
2026-03-05T19:56:52.221518+00:00,1772740612221.518,1.012695,-0.447998,0.740723,-0.001917,0.138306,-5.542969,18693,17697,18828,17450
2026-03-05T19:56:52.232629+00:00,1772740612232.630,1.013672,-0.447998,0.740723,-0.002995,0.120850,-5.542969,18628,17706,18791,17529
2026-03-05T19:56:52.242265+00:00,1772740612242.265,1.013672,-0.447998,0.740723,-0.011337,0.081421,-5.554688,18628,17706,18791,17529
2026-03-05T19:56:52.250509+00:00,1772740612250.509,1.013672,-0.447754,0.740723,-0.017120,0.041901,-5.570312,18635,17721,18796,17529
2026-03-05T19:56:52.260784+00:00,1772740612260.784,1.013672,-0.447754,0.740723,-0.032379,0.025146,-5.585938,18615,17747,18840,17532
2026-03-05T19:56:52.269832+00:00,1772740612269.832,1.013672,-0.447754,0.740723,-0.052826,0.013832,-5.597656,18587,17806,18846,17522
2026-03-05T19:56:52.279930+00:00,1772740612279.930,1.013672,-0.447754,0.740723,-0.076416,0.030060,-5.613281,18426,17902,18764,17673
2026-03-05T19:56:52.289847+00:00,1772740612289.847,1.014648,-0.447754,0.740723,-0.094177,0.036865,-5.636719,18514,17868,18804,17586
2026-03-05T19:56:52.300330+00:00,1772740612300.330,1.014648,-0.447754,0.740723,-0.111328,0.049713,-5.660156,18478,17874,18786,17624
2026-03-05T19:56:52.310976+00:00,1772740612310.976,1.014648,-0.447510,0.740234,-0.130615,0.056305,-5.675781,18442,17921,18762,17644
2026-03-05T19:56:52.320645+00:00,1772740612320.645,1.014648,-0.447510,0.740234,-0.139404,0.063171,-5.695312,18516,17890,18847,17555
2026-03-05T19:56:52.330118+00:00,1772740612330.118,1.014648,-0.447754,0.740234,-0.139404,0.063171,-5.695312,18591,17858,18811,17567
2026-03-05T19:56:52.341608+00:00,1772740612341.608,1.014648,-0.447754,0.740234,-0.142334,0.092285,-5.707031,18609,17805,18856,17563
2026-03-05T19:56:52.352076+00:00,1772740612352.076,1.015625,-0.447510,0.740234,-0.149658,0.090820,-5.726562,18609,17805,18856,17563
2026-03-05T19:56:52.360507+00:00,1772740612360.508,1.015625,-0.447510,0.740234,-0.161133,0.095032,-5.742188,18510,17895,18825,17609
2026-03-05T19:56:52.370331+00:00,1772740612370.331,1.015625,-0.447510,0.740234,-0.172119,0.098145,-5.757812,18541,17878,18806,17598
2026-03-05T19:56:52.380788+00:00,1772740612380.789,1.015625,-0.447510,0.740234,-0.178467,0.097900,-5.781250,18471,17882,18788,17617
2026-03-05T19:56:52.390541+00:00,1772740612390.541,1.015625,-0.447510,0.740234,-0.182007,0.114258,-5.800781,18455,17876,18748,17624
2026-03-05T19:56:52.400321+00:00,1772740612400.321,1.015625,-0.447510,0.740234,-0.197754,0.099609,-5.828125,18461,17863,18669,17714
2026-03-05T19:56:52.410691+00:00,1772740612410.691,1.016602,-0.447510,0.739746,-0.222046,0.084839,-5.859375,18434,17860,18693,17762
2026-03-05T19:56:52.420538+00:00,1772740612420.537,1.016602,-0.447510,0.739746,-0.250488,0.054657,-5.898438,18387,17962,18644,17775
2026-03-05T19:56:52.431514+00:00,1772740612431.514,1.016602,-0.447510,0.739746,-0.250488,0.054657,-5.898438,18415,17918,18688,17781
2026-03-05T19:56:52.441376+00:00,1772740612441.376,1.016602,-0.447510,0.739746,-0.281982,0.033356,-5.929688,18457,17870,18798,17703
2026-03-05T19:56:52.451908+00:00,1772740612451.908,1.016602,-0.447510,0.739746,-0.307129,0.030945,-5.957031,18490,17897,18727,17690
2026-03-05T19:56:52.462345+00:00,1772740612462.345,1.016602,-0.447510,0.739746,-0.314697,0.034576,-5.980469,18490,17897,18727,17690
2026-03-05T19:56:52.470614+00:00,1772740612470.614,1.016602,-0.447510,0.739746,-0.315918,0.025543,-6.007812,18380,17968,18677,17784
2026-03-05T19:56:52.481034+00:00,1772740612481.034,1.016602,-0.447266,0.739746,-0.321777,0.013107,-6.035156,18496,17911,18735,17670
2026-03-05T19:56:52.490138+00:00,1772740612490.138,1.017578,-0.447266,0.739746,-0.307861,-0.000336,-6.058594,18537,17940,18701,17680
2026-03-05T19:56:52.501336+00:00,1772740612501.336,1.017578,-0.447266,0.739746,-0.288574,-0.005424,-6.089844,18482,18007,18614,17795
2026-03-05T19:56:52.510359+00:00,1772740612510.359,1.017578,-0.447266,0.739258,-0.265137,-0.024094,-6.125000,18529,17983,18641,17785
2026-03-05T19:56:52.521853+00:00,1772740612521.853,1.017578,-0.447266,0.739258,-0.243530,-0.051392,-6.156250,18598,17949,18688,17658
2026-03-05T19:56:52.530910+00:00,1772740612530.910,1.017578,-0.447021,0.739258,-0.208008,-0.054871,-6.175781,18570,17940,18668,17660
2026-03-05T19:56:52.541540+00:00,1772740612541.540,1.017578,-0.447266,0.739258,-0.208008,-0.054871,-6.175781,18437,18022,18593,17788
2026-03-05T19:56:52.553676+00:00,1772740612553.676,1.017578,-0.447266,0.739258,-0.186035,-0.055389,-6.199219,18423,18019,18637,17786
2026-03-05T19:56:52.569841+00:00,1772740612569.841,1.018555,-0.447266,0.739258,-0.178833,-0.057312,-6.234375,18446,18003,18717,17737
2026-03-05T19:56:52.574024+00:00,1772740612574.024,1.018555,-0.447021,0.739258,-0.186646,-0.048187,-6.273438,18420,17993,18720,17797
2026-03-05T19:56:52.580300+00:00,1772740612580.300,1.018555,-0.447021,0.739258,-0.199707,-0.035858,-6.304688,18420,17993,18720,17797
2026-03-05T19:56:52.591972+00:00,1772740612591.971,1.018555,-0.447021,0.739258,-0.214966,-0.019836,-6.335938,18400,18074,18615,17866
2026-03-05T19:56:52.600404+00:00,1772740612600.404,1.018555,-0.447021,0.739258,-0.221680,-0.022766,-6.367188,18450,18002,18714,17754
2026-03-05T19:56:52.610381+00:00,1772740612610.381,1.018555,-0.447021,0.739258,-0.227783,-0.006069,-6.390625,18408,17996,18693,17776
2026-03-05T19:56:52.620399+00:00,1772740612620.399,1.019531,-0.446777,0.739258,-0.245239,0.000670,-6.421875,18404,17974,18703,17758
2026-03-05T19:56:52.631648+00:00,1772740612631.648,1.019531,-0.446777,0.739258,-0.255127,0.021683,-6.453125,18298,18048,18605,17896
2026-03-05T19:56:52.641599+00:00,1772740612641.599,1.019531,-0.446777,0.739258,-0.278076,0.041809,-6.480469,18360,18008,18764,17715
2026-03-05T19:56:52.651581+00:00,1772740612651.582,1.019531,-0.446533,0.739258,-0.281250,0.070496,-6.511719,18348,18069,18624,17841
2026-03-05T19:56:52.661943+00:00,1772740612661.943,1.019531,-0.446777,0.739258,-0.281250,0.070496,-6.511719,18378,18057,18646,17765
2026-03-05T19:56:52.672634+00:00,1772740612672.634,1.019531,-0.446777,0.738770,-0.277832,0.086243,-6.550781,18391,18036,18618,17804
2026-03-05T19:56:52.684113+00:00,1772740612684.112,1.019531,-0.446533,0.738770,-0.277588,0.094971,-6.578125,18516,17903,18720,17691
2026-03-05T19:56:52.690500+00:00,1772740612690.500,1.020508,-0.446533,0.738770,-0.271729,0.109863,-6.605469,18516,17903,18720,17691
2026-03-05T19:56:52.701227+00:00,1772740612701.227,1.020508,-0.446533,0.738770,-0.252686,0.102417,-6.625000,18510,17952,18704,17634
2026-03-05T19:56:52.710987+00:00,1772740612710.987,1.020508,-0.446289,0.739258,-0.237183,0.094360,-6.660156,18371,18044,18555,17809
2026-03-05T19:56:52.721555+00:00,1772740612721.555,1.020508,-0.446289,0.739258,-0.212158,0.090698,-6.691406,18379,18054,18569,17765
2026-03-05T19:56:52.731488+00:00,1772740612731.488,1.020508,-0.446289,0.739258,-0.192993,0.089355,-6.722656,18463,17936,18615,17728
2026-03-05T19:56:52.741936+00:00,1772740612741.936,1.020508,-0.446045,0.739258,-0.180054,0.069641,-6.750000,18404,17957,18582,17807
2026-03-05T19:56:52.751980+00:00,1772740612751.980,1.021484,-0.446045,0.739258,-0.169922,0.045074,-6.781250,18448,17951,18543,17858
2026-03-05T19:56:52.761876+00:00,1772740612761.876,1.021484,-0.445801,0.739258,-0.171753,0.019348,-6.812500,18424,17956,18660,17790
2026-03-05T19:56:52.772443+00:00,1772740612772.443,1.021484,-0.446045,0.739258,-0.171753,0.019348,-6.812500,18308,18080,18552,17922
2026-03-05T19:56:52.783686+00:00,1772740612783.686,1.021484,-0.445801,0.738770,-0.180298,0.031677,-6.839844,18311,18033,18498,18024
2026-03-05T19:56:52.793547+00:00,1772740612793.547,1.021484,-0.445801,0.738770,-0.199219,0.028412,-6.878906,18405,17968,18636,17821
2026-03-05T19:56:52.801805+00:00,1772740612801.804,1.021484,-0.445801,0.738770,-0.212646,-0.003389,-6.917969,18405,17968,18636,17821
2026-03-05T19:56:52.811550+00:00,1772740612811.550,1.021484,-0.445557,0.738770,-0.230469,-0.020126,-6.941406,18432,17854,18741,17766
2026-03-05T19:56:52.821834+00:00,1772740612821.833,1.021484,-0.445557,0.738770,-0.256592,-0.013214,-6.960938,18358,17885,18685,17842
2026-03-05T19:56:52.832541+00:00,1772740612832.541,1.022461,-0.445312,0.738770,-0.291260,-0.006290,-6.980469,18299,18005,18654,17897
2026-03-05T19:56:52.841623+00:00,1772740612841.623,1.022461,-0.445312,0.738770,-0.322754,0.004524,-7.015625,18257,18068,18620,17987
2026-03-05T19:56:52.852019+00:00,1772740612852.019,1.022461,-0.445068,0.738770,-0.358887,0.014107,-7.046875,18365,17996,18696,17925
2026-03-05T19:56:52.861836+00:00,1772740612861.836,1.022461,-0.445068,0.738770,-0.376953,0.028198,-7.078125,18373,17999,18751,17877
2026-03-05T19:56:52.870982+00:00,1772740612870.982,1.022461,-0.444824,0.738770,-0.378418,0.026566,-7.101562,18425,18011,18648,17874
2026-03-05T19:56:52.881686+00:00,1772740612881.686,1.022461,-0.444824,0.738770,-0.378418,0.026566,-7.101562,18366,17996,18759,17805
2026-03-05T19:56:52.893815+00:00,1772740612893.814,1.022461,-0.444824,0.738770,-0.380615,0.050842,-7.121094,18375,17967,18745,17849
2026-03-05T19:56:52.904360+00:00,1772740612904.360,1.023438,-0.444580,0.738770,-0.390137,0.080933,-7.136719,18376,18003,18705,17900
2026-03-05T19:56:52.911184+00:00,1772740612911.184,1.023438,-0.444580,0.738770,-0.399170,0.097290,-7.164062,18376,18003,18705,17900
2026-03-05T19:56:52.921622+00:00,1772740612921.622,1.023438,-0.444336,0.738770,-0.391846,0.117554,-7.183594,18450,17966,18806,17791
2026-03-05T19:56:52.930972+00:00,1772740612930.972,1.023438,-0.444092,0.738770,-0.394775,0.129272,-7.195312,18452,17957,18796,17836
2026-03-05T19:56:52.941956+00:00,1772740612941.956,1.023438,-0.444092,0.738281,-0.390381,0.150879,-7.210938,18399,18024,18805,17822
2026-03-05T19:56:52.951939+00:00,1772740612951.939,1.023438,-0.443848,0.738281,-0.391113,0.171021,-7.230469,18382,18029,18775,17854
2026-03-05T19:56:52.961007+00:00,1772740612961.007,1.024414,-0.443604,0.738281,-0.392090,0.209229,-7.242188,18429,17985,18907,17740
2026-03-05T19:56:52.971396+00:00,1772740612971.397,1.024414,-0.443604,0.738281,-0.406738,0.238037,-7.261719,18438,17931,18922,17785
2026-03-05T19:56:52.981315+00:00,1772740612981.315,1.024414,-0.443359,0.738281,-0.416016,0.280273,-7.269531,18321,18061,18811,17890
2026-03-05T19:56:52.991709+00:00,1772740612991.709,1.024414,-0.443359,0.738281,-0.416016,0.280273,-7.269531,18333,18041,18794,17907
2026-03-05T19:56:53.004240+00:00,1772740613004.240,1.024414,-0.443115,0.738281,-0.422607,0.306152,-7.292969,18327,18065,18720,17969
2026-03-05T19:56:53.014089+00:00,1772740613014.090,1.024414,-0.442871,0.738281,-0.418457,0.324219,-7.312500,18337,18085,18775,17896
2026-03-05T19:56:53.022521+00:00,1772740613022.521,1.024414,-0.442627,0.738281,-0.414062,0.322998,-7.335938,18337,18085,18775,17896
2026-03-05T19:56:53.032386+00:00,1772740613032.386,1.025391,-0.442383,0.737793,-0.406006,0.335449,-7.363281,18443,18016,18813,17895
2026-03-05T19:56:53.042160+00:00,1772740613042.160,1.025391,-0.442139,0.737793,-0.390137,0.348145,-7.382812,18465,18035,18828,17861
2026-03-05T19:56:53.051433+00:00,1772740613051.434,1.025391,-0.442139,0.737793,-0.367920,0.356934,-7.398438,18449,18028,18768,17959
2026-03-05T19:56:53.062564+00:00,1772740613062.564,1.025391,-0.441650,0.737793,-0.345947,0.355957,-7.414062,18469,18018,18853,17818
2026-03-05T19:56:53.071794+00:00,1772740613071.793,1.025391,-0.441650,0.737793,-0.309570,0.366943,-7.421875,18571,17927,18916,17698
2026-03-05T19:56:53.082538+00:00,1772740613082.539,1.025391,-0.441406,0.737793,-0.287109,0.371826,-7.429688,18485,17951,18872,17776
2026-03-05T19:56:53.091957+00:00,1772740613091.957,1.026367,-0.441162,0.737793,-0.268066,0.355957,-7.445312,18395,18043,18741,17934
2026-03-05T19:56:53.101878+00:00,1772740613101.877,1.026367,-0.441162,0.737793,-0.268066,0.355957,-7.445312,18494,17962,18914,17776
2026-03-05T19:56:53.117634+00:00,1772740613117.634,1.026367,-0.440918,0.737793,-0.247925,0.369385,-7.460938,18455,18027,18877,17851
2026-03-05T19:56:53.125273+00:00,1772740613125.272,1.026367,-0.440430,0.737305,-0.226318,0.381592,-7.476562,18512,17965,18908,17808
2026-03-05T19:56:53.134544+00:00,1772740613134.544,1.026367,-0.440430,0.737305,-0.210938,0.393066,-7.480469,18512,17965,18908,17808
2026-03-05T19:56:53.142080+00:00,1772740613142.080,1.026367,-0.439941,0.737305,-0.193848,0.399414,-7.488281,18492,17967,18951,17751
2026-03-05T19:56:53.152550+00:00,1772740613152.550,1.026367,-0.439697,0.737305,-0.181763,0.425049,-7.484375,18495,17939,18876,17823
2026-03-05T19:56:53.161662+00:00,1772740613161.662,1.026367,-0.439453,0.737305,-0.177124,0.420166,-7.492188,18472,17891,19008,17747
2026-03-05T19:56:53.172359+00:00,1772740613172.359,1.026367,-0.439209,0.737305,-0.178589,0.443604,-7.492188,18514,17872,19060,17671
2026-03-05T19:56:53.182340+00:00,1772740613182.340,1.027344,-0.438965,0.737305,-0.184814,0.469482,-7.484375,18537,17845,19089,17657
2026-03-05T19:56:53.192331+00:00,1772740613192.331,1.027344,-0.438721,0.737305,-0.192139,0.514648,-7.476562,18422,17979,18986,17740
2026-03-05T19:56:53.202675+00:00,1772740613202.674,1.027344,-0.438721,0.737305,-0.192139,0.514648,-7.476562,18433,17947,18909,17818
2026-03-05T19:56:53.211670+00:00,1772740613211.670,1.027344,-0.438477,0.737305,-0.192993,0.516602,-7.484375,18522,17865,19074,17641
2026-03-05T19:56:53.223935+00:00,1772740613223.935,1.027344,-0.438232,0.737305,-0.188965,0.541504,-7.480469,18462,17826,19111,17670
2026-03-05T19:56:53.234596+00:00,1772740613234.596,1.027344,-0.437988,0.737305,-0.193359,0.565918,-7.476562,18488,17841,18992,17728
2026-03-05T19:56:53.245083+00:00,1772740613245.083,1.027344,-0.437744,0.737305,-0.193115,0.563965,-7.472656,18488,17841,18992,17728
2026-03-05T19:56:53.252587+00:00,1772740613252.588,1.027344,-0.437500,0.737305,-0.190918,0.569336,-7.468750,18418,17883,19016,17712
2026-03-05T19:56:53.262354+00:00,1772740613262.354,1.027344,-0.437012,0.737305,-0.202271,0.558594,-7.468750,18485,17816,19017,17704
2026-03-05T19:56:53.272411+00:00,1772740613272.411,1.027344,-0.436768,0.736816,-0.210327,0.554199,-7.464844,18479,17802,19055,17674
2026-03-05T19:56:53.282281+00:00,1772740613282.281,1.027344,-0.436523,0.736816,-0.216797,0.561523,-7.457031,18469,17804,19045,17719
2026-03-05T19:56:53.292513+00:00,1772740613292.513,1.027344,-0.436035,0.736816,-0.225952,0.557617,-7.449219,18527,17705,19136,17659
2026-03-05T19:56:53.302572+00:00,1772740613302.572,1.027344,-0.435791,0.736816,-0.245361,0.546387,-7.433594,18600,17665,19194,17559
2026-03-05T19:56:53.312610+00:00,1772740613312.610,1.027344,-0.435791,0.736816,-0.245361,0.546387,-7.433594,18376,17824,19037,17757
2026-03-05T19:56:53.322409+00:00,1772740613322.409,1.027344,-0.435547,0.736816,-0.255371,0.537109,-7.425781,18419,17844,18960,17767
2026-03-05T19:56:53.333767+00:00,1772740613333.767,1.027344,-0.435303,0.736816,-0.255371,0.543945,-7.417969,18458,17795,19053,17702
2026-03-05T19:56:53.344621+00:00,1772740613344.620,1.027344,-0.435059,0.736816,-0.253174,0.531738,-7.421875,18421,17825,19089,17702
2026-03-05T19:56:53.352176+00:00,1772740613352.176,1.027344,-0.434570,0.736816,-0.245605,0.528320,-7.421875,18421,17825,19089,17702
2026-03-05T19:56:53.362232+00:00,1772740613362.232,1.027344,-0.434326,0.736816,-0.237793,0.529785,-7.417969,18434,17853,19077,17694
2026-03-05T19:56:53.373269+00:00,1772740613373.269,1.027344,-0.434082,0.736816,-0.232788,0.541992,-7.410156,18422,17843,19051,17776
2026-03-05T19:56:53.382374+00:00,1772740613382.374,1.027344,-0.433594,0.736816,-0.222534,0.526855,-7.410156,18536,17835,19139,17595
2026-03-05T19:56:53.392456+00:00,1772740613392.456,1.027344,-0.433350,0.736816,-0.204956,0.533203,-7.402344,18532,17794,19052,17753
2026-03-05T19:56:53.403144+00:00,1772740613403.144,1.027344,-0.433105,0.736328,-0.188232,0.502441,-7.402344,18535,17807,19058,17754
2026-03-05T19:56:53.412360+00:00,1772740613412.360,1.027344,-0.432617,0.736328,-0.180420,0.478760,-7.394531,18501,17828,19124,17702
2026-03-05T19:56:53.422364+00:00,1772740613422.364,1.027344,-0.432617,0.736328,-0.180420,0.478760,-7.394531,18547,17794,19021,17807
2026-03-05T19:56:53.433539+00:00,1772740613433.539,1.027344,-0.432373,0.736328,-0.170166,0.440918,-7.394531,18564,17755,19119,17737
2026-03-05T19:56:53.444216+00:00,1772740613444.216,1.027344,-0.432129,0.736328,-0.165649,0.389160,-7.394531,18598,17760,19187,17650
2026-03-05T19:56:53.454895+00:00,1772740613454.895,1.027344,-0.431885,0.736328,-0.158081,0.368408,-7.386719,18541,17804,19069,17777
2026-03-05T19:56:53.465270+00:00,1772740613465.270,1.027344,-0.431396,0.736328,-0.144531,0.362061,-7.375000,18541,17804,19069,17777
2026-03-05T19:56:53.472267+00:00,1772740613472.267,1.026367,-0.431152,0.735840,-0.139771,0.333740,-7.375000,18502,17820,19071,17819
2026-03-05T19:56:53.482769+00:00,1772740613482.770,1.026367,-0.430908,0.735840,-0.140991,0.302002,-7.375000,18526,17780,19077,17837
2026-03-05T19:56:53.492726+00:00,1772740613492.726,1.026367,-0.430420,0.735840,-0.142456,0.265137,-7.371094,18593,17763,19143,17710
2026-03-05T19:56:53.502441+00:00,1772740613502.441,1.026367,-0.430176,0.735840,-0.140991,0.235107,-7.363281,18574,17747,19158,17733
2026-03-05T19:56:53.512255+00:00,1772740613512.255,1.026367,-0.429688,0.735840,-0.121948,0.219971,-7.359375,18569,17850,19109,17719
2026-03-05T19:56:53.522515+00:00,1772740613522.515,1.026367,-0.429443,0.735840,-0.097412,0.205566,-7.355469,18531,17909,19043,17784
2026-03-05T19:56:53.533250+00:00,1772740613533.250,1.026367,-0.429199,0.735352,-0.068787,0.196289,-7.355469,18499,17918,19051,17782
2026-03-05T19:56:53.543700+00:00,1772740613543.700,1.026367,-0.429199,0.735352,-0.068787,0.196289,-7.355469,18659,17804,19065,17704
2026-03-05T19:56:53.553596+00:00,1772740613553.596,1.026367,-0.428955,0.735352,-0.039032,0.177979,-7.355469,18571,17855,19130,17665
2026-03-05T19:56:53.567669+00:00,1772740613567.668,1.025391,-0.428223,0.735352,0.032990,0.145020,-7.343750,18532,17866,19122,17695
2026-03-05T19:56:53.572341+00:00,1772740613572.342,1.025391,-0.428223,0.735352,0.032990,0.145020,-7.343750,18532,17866,19122,17695
2026-03-05T19:56:53.582543+00:00,1772740613582.542,1.025391,-0.427734,0.735352,0.049866,0.145630,-7.335938,18628,17783,19138,17688
2026-03-05T19:56:53.592804+00:00,1772740613592.803,1.025391,-0.427490,0.735352,0.074951,0.124512,-7.332031,18574,17892,19018,17784
2026-03-05T19:56:53.603945+00:00,1772740613603.946,1.025391,-0.427246,0.734863,0.093872,0.113220,-7.320312,18550,17812,19178,17732
2026-03-05T19:56:53.612191+00:00,1772740613612.191,1.025391,-0.426758,0.734863,0.089844,0.110291,-7.312500,18627,17782,19194,17674
2026-03-05T19:56:53.622572+00:00,1772740613622.573,1.025391,-0.426514,0.734863,0.100220,0.097595,-7.300781,18586,17850,19084,17748
2026-03-05T19:56:53.633612+00:00,1772740613633.613,1.024414,-0.426270,0.734863,0.110596,0.076233,-7.292969,18563,17819,19064,17806
2026-03-05T19:56:53.642992+00:00,1772740613642.993,1.024414,-0.425781,0.734863,0.131714,0.046051,-7.289062,18626,17831,19092,17692
2026-03-05T19:56:53.653466+00:00,1772740613653.467,1.024414,-0.425537,0.734863,0.145386,0.012589,-7.289062,18570,17858,18969,17827
2026-03-05T19:56:53.668993+00:00,1772740613668.993,1.024414,-0.425537,0.734863,0.145386,0.012589,-7.289062,18567,17842,19001,17806
2026-03-05T19:56:53.675200+00:00,1772740613675.200,1.024414,-0.425293,0.734863,0.162231,-0.019974,-7.292969,18533,17798,19084,17799
2026-03-05T19:56:53.682289+00:00,1772740613682.290,1.024414,-0.425049,0.734863,0.165649,-0.042938,-7.289062,18533,17798,19084,17799
2026-03-05T19:56:53.692648+00:00,1772740613692.648,1.024414,-0.424805,0.734375,0.158325,-0.056274,-7.285156,18598,17705,19101,17788
2026-03-05T19:56:53.702541+00:00,1772740613702.541,1.024414,-0.424316,0.734375,0.145996,-0.076111,-7.277344,18514,17833,19021,17800
2026-03-05T19:56:53.713164+00:00,1772740613713.165,1.023438,-0.424072,0.734375,0.136475,-0.080811,-7.273438,18472,17847,19076,17778
2026-03-05T19:56:53.723086+00:00,1772740613723.085,1.023438,-0.423828,0.734375,0.124207,-0.090454,-7.273438,18463,17815,19054,17809
2026-03-05T19:56:53.733109+00:00,1772740613733.109,1.023438,-0.423584,0.734375,0.107300,-0.098511,-7.269531,18485,17782,19013,17866
2026-03-05T19:56:53.743597+00:00,1772740613743.597,1.023438,-0.423340,0.734375,0.084045,-0.115051,-7.269531,18543,17727,19177,17700
2026-03-05T19:56:53.752660+00:00,1772740613752.660,1.023438,-0.423096,0.734375,0.059540,-0.118286,-7.265625,18492,17725,19107,17818
2026-03-05T19:56:53.763386+00:00,1772740613763.385,1.023438,-0.423096,0.734375,0.059540,-0.118286,-7.265625,18426,17820,19067,17807
2026-03-05T19:56:53.774610+00:00,1772740613774.610,1.023438,-0.422852,0.734375,0.033691,-0.122131,-7.261719,18481,17751,19169,17706
2026-03-05T19:56:53.787015+00:00,1772740613787.014,1.022461,-0.422607,0.734375,0.017365,-0.110901,-7.253906,18502,17704,19205,17673
2026-03-05T19:56:53.795350+00:00,1772740613795.349,1.022461,-0.422363,0.734375,-0.003824,-0.090088,-7.242188,18502,17704,19205,17673
2026-03-05T19:56:53.803685+00:00,1772740613803.686,1.022461,-0.422119,0.734375,-0.018509,-0.067566,-7.230469,18489,17757,19161,17683
2026-03-05T19:56:53.813575+00:00,1772740613813.574,1.022461,-0.421631,0.734375,-0.035614,-0.047028,-7.226562,18438,17747,19198,17714
2026-03-05T19:56:53.823342+00:00,1772740613823.342,1.022461,-0.421387,0.734375,-0.061096,-0.020065,-7.214844,18427,17773,19144,17763
2026-03-05T19:56:53.833141+00:00,1772740613833.142,1.022461,-0.421143,0.734375,-0.072144,-0.013206,-7.207031,18508,17705,19155,17728
2026-03-05T19:56:53.843630+00:00,1772740613843.630,1.022461,-0.420898,0.734375,-0.084778,-0.022903,-7.195312,18474,17714,19158,17745
2026-03-05T19:56:53.853297+00:00,1772740613853.297,1.022461,-0.420654,0.734375,-0.087830,-0.036621,-7.187500,18556,17683,19154,17716
2026-03-05T19:56:53.863794+00:00,1772740613863.794,1.021484,-0.420410,0.734375,-0.079468,-0.043976,-7.171875,18592,17683,19151,17691
2026-03-05T19:56:53.872833+00:00,1772740613872.833,1.021484,-0.419922,0.734375,-0.059296,-0.057068,-7.160156,18555,17741,19178,17682
2026-03-05T19:56:53.884391+00:00,1772740613884.391,1.021484,-0.419922,0.734375,-0.059296,-0.057068,-7.160156,18603,17722,19028,17777
2026-03-05T19:56:53.896603+00:00,1772740613896.603,1.021484,-0.419678,0.734375,-0.049866,-0.092224,-7.156250,18556,17736,19104,17757
2026-03-05T19:56:53.905727+00:00,1772740613905.727,1.021484,-0.419434,0.734375,-0.029556,-0.141357,-7.152344,18556,17736,19104,17757
2026-03-05T19:56:53.914113+00:00,1772740613914.113,1.021484,-0.419189,0.734375,-0.015335,-0.167725,-7.156250,18550,17799,18972,17845
2026-03-05T19:56:53.924146+00:00,1772740613924.146,1.021484,-0.418945,0.734375,0.015442,-0.179443,-7.156250,18568,17777,19072,17753
2026-03-05T19:56:53.933116+00:00,1772740613933.116,1.021484,-0.418457,0.734375,0.030533,-0.188354,-7.148438,18525,17772,19004,17855
2026-03-05T19:56:53.943625+00:00,1772740613943.625,1.021484,-0.418213,0.734375,0.043610,-0.200317,-7.148438,18527,17789,19100,17726
2026-03-05T19:56:53.954148+00:00,1772740613954.147,1.020508,-0.417969,0.734375,0.051727,-0.188232,-7.140625,18520,17767,19153,17721
2026-03-05T19:56:53.963162+00:00,1772740613963.162,1.020508,-0.417725,0.734375,0.053772,-0.171387,-7.132812,18524,17737,19193,17718
2026-03-05T19:56:53.973381+00:00,1772740613973.380,1.020508,-0.417725,0.734375,0.053772,-0.171387,-7.132812,18482,17717,19290,17663
2026-03-05T19:56:53.984115+00:00,1772740613984.115,1.020508,-0.417236,0.734375,0.023758,-0.114685,-7.109375,18417,17778,19177,17753
2026-03-05T19:56:53.994292+00:00,1772740613994.292,1.020508,-0.417236,0.734375,0.023758,-0.114685,-7.109375,18451,17746,19163,17746
2026-03-05T19:56:54.005674+00:00,1772740614005.674,1.020508,-0.416992,0.734375,0.009560,-0.098633,-7.105469,18413,17776,19119,17794
2026-03-05T19:56:54.016973+00:00,1772740614016.972,1.020508,-0.416748,0.734375,-0.003130,-0.079712,-7.101562,18390,17798,19074,17815
2026-03-05T19:56:54.023174+00:00,1772740614023.173,1.020508,-0.416260,0.734375,-0.010139,-0.071533,-7.101562,18390,17798,19074,17815
2026-03-05T19:56:54.033891+00:00,1772740614033.890,1.020508,-0.416016,0.734863,-0.022964,-0.070984,-7.101562,18489,17703,19099,17769
2026-03-05T19:56:54.044384+00:00,1772740614044.384,1.019531,-0.415771,0.734863,-0.023178,-0.079773,-7.097656,18451,17738,19134,17738
2026-03-05T19:56:54.054191+00:00,1772740614054.191,1.019531,-0.415527,0.734863,-0.025711,-0.077087,-7.089844,18536,17654,19219,17650
2026-03-05T19:56:54.063915+00:00,1772740614063.915,1.019531,-0.415283,0.734863,-0.025085,-0.080994,-7.078125,18493,17685,19212,17660
2026-03-05T19:56:54.073458+00:00,1772740614073.458,1.019531,-0.415039,0.734863,-0.024384,-0.068909,-7.070312,18470,17668,19200,17679
2026-03-05T19:56:54.083122+00:00,1772740614083.123,1.019531,-0.415039,0.734863,-0.024384,-0.068909,-7.070312,18564,17636,19137,17700
2026-03-05T19:56:54.093945+00:00,1772740614093.945,1.019531,-0.414795,0.734863,-0.027542,-0.084045,-7.066406,18574,17621,19146,17684
2026-03-05T19:56:54.105055+00:00,1772740614105.055,1.019531,-0.414551,0.734863,-0.024109,-0.095398,-7.058594,18480,17713,19057,17779
2026-03-05T19:56:54.115954+00:00,1772740614115.954,1.019531,-0.414062,0.734863,-0.011864,-0.106262,-7.050781,18544,17697,19110,17690
2026-03-05T19:56:54.126309+00:00,1772740614126.309,1.019531,-0.413818,0.734863,0.001182,-0.122375,-7.046875,18544,17697,19110,17690
2026-03-05T19:56:54.133308+00:00,1772740614133.308,1.019531,-0.413574,0.734863,0.020813,-0.142700,-7.039062,18527,17660,19119,17746
2026-03-05T19:56:54.143988+00:00,1772740614143.987,1.019531,-0.413330,0.734863,0.031616,-0.173706,-7.039062,18489,17731,19024,17832
2026-03-05T19:56:54.154204+00:00,1772740614154.203,1.019531,-0.413086,0.734863,0.032837,-0.195923,-7.035156,18589,17628,19184,17677
2026-03-05T19:56:54.164560+00:00,1772740614164.559,1.018555,-0.412598,0.734863,0.051117,-0.195312,-7.019531,18577,17643,19111,17743
2026-03-05T19:56:54.174718+00:00,1772740614174.717,1.018555,-0.412354,0.734863,0.065918,-0.208618,-7.011719,18543,17695,19127,17703
2026-03-05T19:56:54.183408+00:00,1772740614183.408,1.018555,-0.412109,0.734863,0.081482,-0.204346,-7.003906,18505,17702,19201,17666
2026-03-05T19:56:54.194774+00:00,1772740614194.773,1.018555,-0.411865,0.734863,0.085327,-0.177612,-6.996094,18446,17766,19172,17684
2026-03-05T19:56:54.204000+00:00,1772740614204.000,1.018555,-0.411865,0.734863,0.085327,-0.177612,-6.996094,18448,17765,19133,17746
2026-03-05T19:56:54.218912+00:00,1772740614218.912,1.018555,-0.411621,0.734863,0.091492,-0.151001,-7.000000,18477,17787,19128,17745
2026-03-05T19:56:54.225821+00:00,1772740614225.821,1.018555,-0.411377,0.734863,0.104431,-0.128052,-6.992188,18504,17756,19174,17727
2026-03-05T19:56:54.234385+00:00,1772740614234.385,1.018555,-0.411133,0.734863,0.105530,-0.113342,-6.984375,18504,17756,19174,17727
2026-03-05T19:56:54.244593+00:00,1772740614244.593,1.018555,-0.410889,0.734863,0.108154,-0.086731,-6.976562,18499,17730,19204,17737
2026-03-05T19:56:54.253963+00:00,1772740614253.963,1.018555,-0.410645,0.734863,0.110474,-0.060364,-6.964844,18553,17688,19309,17636
2026-03-05T19:56:54.264176+00:00,1772740614264.176,1.018555,-0.410156,0.734375,0.118042,-0.017395,-6.949219,18430,17855,19126,17797
2026-03-05T19:56:54.274737+00:00,1772740614274.737,1.018555,-0.409912,0.734375,0.119385,-0.001572,-6.949219,18503,17765,19168,17793
2026-03-05T19:56:54.284544+00:00,1772740614284.544,1.018555,-0.409668,0.734375,0.125244,0.012695,-6.937500,18554,17752,19273,17658
2026-03-05T19:56:54.294529+00:00,1772740614294.529,1.018555,-0.409424,0.734375,0.141479,0.044983,-6.921875,18657,17667,19403,17479
2026-03-05T19:56:54.304228+00:00,1772740614304.227,1.017578,-0.409180,0.734375,0.170044,0.077026,-6.902344,18516,17787,19301,17598
2026-03-05T19:56:54.315106+00:00,1772740614315.105,1.017578,-0.408936,0.734375,0.200073,0.113647,-6.898438,18470,17895,19124,17731
2026-03-05T19:56:54.325637+00:00,1772740614325.637,1.017578,-0.408936,0.734375,0.200073,0.113647,-6.898438,18475,17940,19089,17754
2026-03-05T19:56:54.336900+00:00,1772740614336.900,1.017578,-0.408691,0.734375,0.237671,0.138428,-6.906250,18533,17902,19115,17736
2026-03-05T19:56:54.344536+00:00,1772740614344.536,1.017578,-0.408447,0.734375,0.282227,0.144775,-6.910156,18533,17902,19115,17736
2026-03-05T19:56:54.354408+00:00,1772740614354.408,1.017578,-0.408203,0.734375,0.318115,0.148438,-6.906250,18579,17827,19183,17708
2026-03-05T19:56:54.364151+00:00,1772740614364.151,1.017578,-0.407959,0.734375,0.353271,0.140259,-6.898438,18598,17861,19125,17728
2026-03-05T19:56:54.374937+00:00,1772740614374.937,1.017578,-0.407715,0.733887,0.376953,0.128296,-6.894531,18629,17786,19190,17721
2026-03-05T19:56:54.384640+00:00,1772740614384.640,1.017578,-0.407471,0.733887,0.399902,0.114319,-6.886719,18565,17883,19172,17708
2026-03-05T19:56:54.395006+00:00,1772740614395.005,1.017578,-0.407227,0.733887,0.419922,0.083191,-6.886719,18624,17835,19122,17750
2026-03-05T19:56:54.404651+00:00,1772740614404.651,1.017578,-0.407227,0.733887,0.437500,0.025986,-6.878906,18736,17675,19194,17712
2026-03-05T19:56:54.415070+00:00,1772740614415.071,1.016602,-0.406982,0.733887,0.437012,-0.028320,-6.875000,18581,17768,19123,17847
2026-03-05T19:56:54.424106+00:00,1772740614424.106,1.016602,-0.406738,0.733887,0.425537,-0.074890,-6.871094,18661,17687,19178,17776
2026-03-05T19:56:54.436111+00:00,1772740614436.111,1.016602,-0.406738,0.733887,0.425537,-0.074890,-6.871094,18632,17686,19154,17773
2026-03-05T19:56:54.447595+00:00,1772740614447.595,1.016602,-0.406494,0.733887,0.411377,-0.113953,-6.863281,18697,17613,19210,17688
2026-03-05T19:56:54.456533+00:00,1772740614456.533,1.016602,-0.406494,0.733887,0.395020,-0.169800,-6.855469,18697,17613,19210,17688
2026-03-05T19:56:54.464775+00:00,1772740614464.775,1.016602,-0.406250,0.733887,0.381348,-0.209106,-6.843750,18552,17704,19107,17836
2026-03-05T19:56:54.474816+00:00,1772740614474.816,1.016602,-0.406006,0.733887,0.358887,-0.235840,-6.839844,18586,17677,19189,17740
2026-03-05T19:56:54.484762+00:00,1772740614484.762,1.016602,-0.406006,0.733887,0.335693,-0.271484,-6.835938,18609,17686,19147,17777
2026-03-05T19:56:54.494653+00:00,1772740614494.653,1.016602,-0.405762,0.733887,0.322021,-0.295166,-6.832031,18648,17602,19231,17755
2026-03-05T19:56:54.504573+00:00,1772740614504.573,1.016602,-0.405518,0.733887,0.297119,-0.319092,-6.828125,18532,17705,19123,17840
2026-03-05T19:56:54.514958+00:00,1772740614514.958,1.015625,-0.405518,0.733887,0.268799,-0.338379,-6.824219,18467,17747,19098,17842
2026-03-05T19:56:54.524696+00:00,1772740614524.696,1.015625,-0.405518,0.733887,0.268799,-0.338379,-6.824219,18545,17681,19178,17718
2026-03-05T19:56:54.535247+00:00,1772740614535.247,1.015625,-0.405273,0.733887,0.219482,-0.354004,-6.820312,18448,17747,19055,17879
2026-03-05T19:56:54.545813+00:00,1772740614545.813,1.015625,-0.405273,0.733887,0.219482,-0.354004,-6.820312,18538,17678,19033,17889
2026-03-05T19:56:54.557181+00:00,1772740614557.181,1.015625,-0.405273,0.733887,0.197998,-0.377930,-6.828125,18537,17687,19203,17734
2026-03-05T19:56:54.569642+00:00,1772740614569.642,1.015625,-0.405029,0.733887,0.166260,-0.373535,-6.816406,18590,17674,19177,17731
2026-03-05T19:56:54.575984+00:00,1772740614575.984,1.015625,-0.405029,0.733887,0.166260,-0.373535,-6.816406,18590,17674,19177,17731
2026-03-05T19:56:54.585366+00:00,1772740614585.366,1.015625,-0.404785,0.733887,0.162720,-0.369873,-6.812500,18467,17814,19078,17793
2026-03-05T19:56:54.595318+00:00,1772740614595.318,1.015625,-0.404785,0.733887,0.173584,-0.335449,-6.808594,18529,17752,19231,17580
2026-03-05T19:56:54.605095+00:00,1772740614605.095,1.015625,-0.404785,0.733887,0.190552,-0.287842,-6.804688,18413,17835,18989,17838
2026-03-05T19:56:54.614176+00:00,1772740614614.177,1.015625,-0.404541,0.734375,0.200684,-0.279785,-6.816406,18493,17832,19018,17756
2026-03-05T19:56:54.625380+00:00,1772740614625.380,1.015625,-0.404541,0.734375,0.231079,-0.261963,-6.816406,18578,17824,19004,17716
2026-03-05T19:56:54.634342+00:00,1772740614634.342,1.015625,-0.404541,0.734375,0.231079,-0.261963,-6.816406,18570,17787,19052,17678
2026-03-05T19:56:54.644961+00:00,1772740614644.961,1.015625,-0.404297,0.734375,0.296875,-0.260498,-6.816406,18543,17792,19003,17721
2026-03-05T19:56:54.655126+00:00,1772740614655.126,1.015625,-0.404297,0.734375,0.296875,-0.260498,-6.816406,18459,17901,18921,17759
2026-03-05T19:56:54.667073+00:00,1772740614667.073,1.015625,-0.404297,0.734375,0.335449,-0.253174,-6.816406,18571,17782,18960,17693
2026-03-05T19:56:54.677585+00:00,1772740614677.585,1.015625,-0.404297,0.734375,0.369385,-0.246704,-6.828125,18592,17722,19077,17629
2026-03-05T19:56:54.684429+00:00,1772740614684.429,1.015625,-0.404053,0.734375,0.398926,-0.256104,-6.832031,18592,17722,19077,17629
2026-03-05T19:56:54.695069+00:00,1772740614695.069,1.015625,-0.404053,0.734375,0.411133,-0.265625,-6.828125,18570,17766,18995,17719
2026-03-05T19:56:54.705816+00:00,1772740614705.816,1.016602,-0.404053,0.734375,0.412354,-0.275879,-6.835938,18450,17850,18909,17860
2026-03-05T19:56:54.714820+00:00,1772740614714.820,1.016602,-0.404053,0.734375,0.403076,-0.285889,-6.851562,18422,17892,18860,17898
2026-03-05T19:56:54.725522+00:00,1772740614725.522,1.016602,-0.404053,0.734375,0.398193,-0.301270,-6.871094,18448,17796,18892,17892
2026-03-05T19:56:54.735529+00:00,1772740614735.529,1.016602,-0.404053,0.734375,0.363525,-0.322510,-6.886719,18426,17732,18949,17876
2026-03-05T19:56:54.745366+00:00,1772740614745.366,1.016602,-0.404053,0.734375,0.363525,-0.322510,-6.886719,18420,17736,18996,17813
2026-03-05T19:56:54.754999+00:00,1772740614755.000,1.016602,-0.404053,0.734375,0.288818,-0.344482,-6.898438,18444,17695,18956,17877
2026-03-05T19:56:54.770669+00:00,1772740614770.669,1.016602,-0.404053,0.734375,0.288818,-0.344482,-6.898438,18509,17704,19036,17764
2026-03-05T19:56:54.776888+00:00,1772740614776.888,1.016602,-0.404053,0.734863,0.250977,-0.344727,-6.898438,18425,17748,19016,17850
2026-03-05T19:56:54.786729+00:00,1772740614786.729,1.016602,-0.404053,0.734863,0.210327,-0.334961,-6.902344,18425,17748,19016,17850
2026-03-05T19:56:54.795227+00:00,1772740614795.227,1.016602,-0.404053,0.734863,0.188843,-0.329102,-6.906250,18525,17700,18997,17781
2026-03-05T19:56:54.805205+00:00,1772740614805.205,1.016602,-0.404053,0.734863,0.168213,-0.336182,-6.906250,18469,17712,18948,17846
2026-03-05T19:56:54.815210+00:00,1772740614815.210,1.017578,-0.404053,0.734863,0.143066,-0.346680,-6.914062,18433,17704,18986,17822
2026-03-05T19:56:54.825624+00:00,1772740614825.624,1.017578,-0.404297,0.734863,0.126709,-0.343262,-6.917969,18425,17812,18893,17838
2026-03-05T19:56:54.835528+00:00,1772740614835.527,1.017578,-0.404297,0.734863,0.116943,-0.339111,-6.929688,18490,17745,19035,17782
2026-03-05T19:56:54.845337+00:00,1772740614845.337,1.017578,-0.404297,0.734863,0.109253,-0.314941,-6.937500,18538,17813,18968,17805
2026-03-05T19:56:54.855906+00:00,1772740614855.906,1.017578,-0.404297,0.734863,0.118408,-0.291260,-6.941406,18521,17785,19049,17749
2026-03-05T19:56:54.865675+00:00,1772740614865.675,1.017578,-0.404297,0.734863,0.118408,-0.291260,-6.941406,18530,17839,18932,17768
2026-03-05T19:56:54.875417+00:00,1772740614875.417,1.017578,-0.404297,0.734863,0.129639,-0.273926,-6.945312,18515,17805,18950,17761
2026-03-05T19:56:54.888353+00:00,1772740614888.353,1.017578,-0.404297,0.734863,0.151489,-0.243896,-6.949219,18507,17787,18943,17778
2026-03-05T19:56:54.897294+00:00,1772740614897.293,1.018555,-0.404541,0.734863,0.167847,-0.227905,-6.949219,18507,17787,18943,17778
2026-03-05T19:56:54.905873+00:00,1772740614905.873,1.018555,-0.404541,0.734863,0.170044,-0.214478,-6.960938,18433,17877,18878,17861
2026-03-05T19:56:54.915729+00:00,1772740614915.728,1.018555,-0.404541,0.734863,0.179199,-0.201538,-6.976562,18492,17820,18989,17780
2026-03-05T19:56:54.926199+00:00,1772740614926.199,1.018555,-0.404541,0.734863,0.182251,-0.192505,-6.980469,18568,17815,18939,17786
2026-03-05T19:56:54.935433+00:00,1772740614935.433,1.018555,-0.404541,0.734863,0.194702,-0.166260,-6.984375,18458,17835,18956,17829
2026-03-05T19:56:54.945857+00:00,1772740614945.857,1.018555,-0.404785,0.734863,0.188721,-0.123596,-6.984375,18440,17841,18941,17820
2026-03-05T19:56:54.956607+00:00,1772740614956.607,1.019531,-0.404785,0.734863,0.177612,-0.084045,-6.988281,18379,17883,18953,17828
2026-03-05T19:56:54.966374+00:00,1772740614966.374,1.019531,-0.404785,0.734863,0.160767,-0.037262,-6.988281,18494,17739,19094,17744
2026-03-05T19:56:54.976302+00:00,1772740614976.302,1.019531,-0.404785,0.734863,0.129150,0.003038,-6.992188,18374,17803,19062,17861
2026-03-05T19:56:54.986272+00:00,1772740614986.271,1.019531,-0.404785,0.734863,0.129150,0.003038,-6.992188,18393,17869,19206,17626
2026-03-05T19:56:54.996684+00:00,1772740614996.684,1.019531,-0.404785,0.734863,0.091797,0.050476,-6.992188,18332,17885,19072,17807
2026-03-05T19:56:55.007926+00:00,1772740615007.926,1.019531,-0.405029,0.734863,0.063477,0.133179,-6.996094,18263,17987,18970,17856
2026-03-05T19:56:55.015331+00:00,1772740615015.331,1.019531,-0.405029,0.734863,0.039307,0.207764,-7.003906,18263,17987,18970,17856
2026-03-05T19:56:55.027126+00:00,1772740615027.126,1.019531,-0.405029,0.734863,0.017059,0.252197,-7.023438,18243,17990,18952,17863
2026-03-05T19:56:55.036405+00:00,1772740615036.405,1.020508,-0.405029,0.734863,0.008316,0.288818,-7.042969,18273,17978,18903,17906
2026-03-05T19:56:55.046150+00:00,1772740615046.150,1.020508,-0.405273,0.734863,0.010780,0.326904,-7.046875,18456,17877,19046,17730
2026-03-05T19:56:55.055117+00:00,1772740615055.117,1.020508,-0.405273,0.734863,0.012222,0.325928,-7.058594,18372,17963,18859,17961
2026-03-05T19:56:55.066027+00:00,1772740615066.027,1.020508,-0.405273,0.734863,0.019760,0.343018,-7.074219,18414,17929,19011,17806
2026-03-05T19:56:55.076540+00:00,1772740615076.540,1.020508,-0.405273,0.734863,0.041260,0.347656,-7.093750,18361,18029,18778,17965
2026-03-05T19:56:55.085829+00:00,1772740615085.829,1.020508,-0.405518,0.734863,0.066162,0.335449,-7.113281,18442,17914,18836,17890
2026-03-05T19:56:55.097625+00:00,1772740615097.625,1.020508,-0.405273,0.734863,0.066162,0.335449,-7.113281,18410,17901,18827,17938
2026-03-05T19:56:55.107614+00:00,1772740615107.613,1.020508,-0.405518,0.734863,0.087524,0.292480,-7.132812,18430,17924,18879,17850
2026-03-05T19:56:55.117815+00:00,1772740615117.815,1.020508,-0.405518,0.734863,0.091553,0.262695,-7.156250,18380,17968,18896,17883
2026-03-05T19:56:55.125540+00:00,1772740615125.540,1.020508,-0.405518,0.734863,0.113892,0.267334,-7.164062,18380,17968,18896,17883
2026-03-05T19:56:55.136406+00:00,1772740615136.406,1.020508,-0.405518,0.734863,0.126343,0.259277,-7.183594,18389,17951,18847,17938
2026-03-05T19:56:55.146813+00:00,1772740615146.813,1.021484,-0.405518,0.734863,0.149536,0.227783,-7.207031,18398,18011,18787,17894
2026-03-05T19:56:55.155803+00:00,1772740615155.803,1.021484,-0.405518,0.734863,0.175293,0.195801,-7.238281,18355,18018,18749,17935
2026-03-05T19:56:55.166395+00:00,1772740615166.395,1.021484,-0.405762,0.734863,0.192871,0.185425,-7.265625,18320,17998,18754,17946
2026-03-05T19:56:55.175397+00:00,1772740615175.397,1.021484,-0.405762,0.734863,0.200562,0.155640,-7.289062,18295,17974,18816,17945
2026-03-05T19:56:55.186093+00:00,1772740615186.093,1.021484,-0.405762,0.734863,0.196533,0.150269,-7.312500,18332,18009,18845,17870
2026-03-05T19:56:55.196610+00:00,1772740615196.610,1.021484,-0.405762,0.734863,0.195923,0.170410,-7.335938,18327,17995,18875,17891
2026-03-05T19:56:55.207992+00:00,1772740615207.992,1.021484,-0.405762,0.734863,0.195923,0.170410,-7.335938,18232,18128,18739,17990
2026-03-05T19:56:55.217788+00:00,1772740615217.788,1.021484,-0.405762,0.734863,0.197754,0.178101,-7.363281,18203,18111,18778,17994
2026-03-05T19:56:55.228576+00:00,1772740615228.576,1.021484,-0.405762,0.734863,0.189819,0.191895,-7.394531,18262,18042,18902,17866
2026-03-05T19:56:55.236241+00:00,1772740615236.241,1.021484,-0.406006,0.734863,0.181885,0.219604,-7.417969,18262,18042,18902,17866
2026-03-05T19:56:55.246074+00:00,1772740615246.073,1.021484,-0.406006,0.734863,0.161987,0.219482,-7.441406,18214,18042,18729,18069
2026-03-05T19:56:55.256630+00:00,1772740615256.630,1.021484,-0.406006,0.734863,0.144409,0.217163,-7.460938,18277,17954,18849,17960
2026-03-05T19:56:55.266290+00:00,1772740615266.290,1.021484,-0.406006,0.734863,0.113281,0.212402,-7.484375,18344,17880,18890,17921
2026-03-05T19:56:55.276081+00:00,1772740615276.081,1.021484,-0.406006,0.734863,0.088135,0.196533,-7.500000,18288,17923,18850,17975
2026-03-05T19:56:55.286635+00:00,1772740615286.635,1.021484,-0.406250,0.734863,0.056427,0.184937,-7.523438,18223,17966,18869,18012
2026-03-05T19:56:55.296112+00:00,1772740615296.111,1.021484,-0.406250,0.734863,0.023239,0.173706,-7.539062,18332,17907,18911,17966
2026-03-05T19:56:55.305840+00:00,1772740615305.839,1.021484,-0.406250,0.734863,-0.000739,0.167725,-7.550781,18332,17950,18940,17922
2026-03-05T19:56:55.321086+00:00,1772740615321.085,1.021484,-0.406250,0.734863,-0.000739,0.167725,-7.550781,18279,17954,18913,17996
2026-03-05T19:56:55.328403+00:00,1772740615328.404,1.021484,-0.406250,0.734863,-0.027786,0.185547,-7.562500,18219,17983,18817,18092
2026-03-05T19:56:55.338322+00:00,1772740615338.322,1.021484,-0.406250,0.734863,-0.052124,0.179321,-7.582031,18288,17925,18926,17962
2026-03-05T19:56:55.346687+00:00,1772740615346.687,1.021484,-0.406250,0.734863,-0.074707,0.157837,-7.601562,18288,17925,18926,17962
2026-03-05T19:56:55.355862+00:00,1772740615355.862,1.020508,-0.406250,0.734863,-0.095337,0.154541,-7.613281,18378,17861,19035,17858
2026-03-05T19:56:55.366665+00:00,1772740615366.665,1.020508,-0.406250,0.734863,-0.111633,0.130615,-7.625000,18309,17950,18846,18084
2026-03-05T19:56:55.377206+00:00,1772740615377.206,1.020508,-0.406250,0.734863,-0.124268,0.095337,-7.636719,18481,17836,19042,17878
2026-03-05T19:56:55.386415+00:00,1772740615386.416,1.020508,-0.406250,0.734863,-0.125244,0.072083,-7.636719,18396,17901,18858,18052
2026-03-05T19:56:55.396324+00:00,1772740615396.324,1.020508,-0.406250,0.734863,-0.114807,0.031708,-7.644531,18473,17799,18985,17886
2026-03-05T19:56:55.406936+00:00,1772740615406.936,1.020508,-0.406250,0.734863,-0.098999,0.005657,-7.644531,18453,17841,18979,17826
2026-03-05T19:56:55.416916+00:00,1772740615416.916,1.020508,-0.406250,0.734863,-0.081116,-0.019882,-7.644531,18487,17801,18967,17833
2026-03-05T19:56:55.426705+00:00,1772740615426.705,1.020508,-0.406006,0.734863,-0.081116,-0.019882,-7.644531,18490,17840,18957,17832
2026-03-05T19:56:55.438835+00:00,1772740615438.835,1.020508,-0.406006,0.734863,-0.074585,-0.048706,-7.648438,18456,17862,18933,17879
2026-03-05T19:56:55.449371+00:00,1772740615449.371,1.020508,-0.406006,0.734863,-0.053619,-0.063721,-7.644531,18480,17838,18989,17861
2026-03-05T19:56:55.456929+00:00,1772740615456.929,1.019531,-0.406006,0.734863,-0.042023,-0.077393,-7.648438,18480,17838,18989,17861
2026-03-05T19:56:55.466706+00:00,1772740615466.707,1.019531,-0.406006,0.734863,-0.027969,-0.095337,-7.652344,18539,17809,18998,17824
2026-03-05T19:56:55.477292+00:00,1772740615477.292,1.019531,-0.405762,0.734863,-0.009811,-0.116638,-7.648438,18494,17855,19022,17796
2026-03-05T19:56:55.487010+00:00,1772740615487.010,1.019531,-0.405762,0.734863,0.000935,-0.129028,-7.644531,18470,17823,19051,17816
2026-03-05T19:56:55.497837+00:00,1772740615497.837,1.019531,-0.405762,0.734863,0.001761,-0.125244,-7.644531,18436,17877,19036,17840
2026-03-05T19:56:55.506836+00:00,1772740615506.836,1.019531,-0.405518,0.734863,-0.003244,-0.132690,-7.644531,18434,17837,19041,17891
2026-03-05T19:56:55.515914+00:00,1772740615515.914,1.019531,-0.405518,0.734863,0.001209,-0.141968,-7.644531,18580,17772,19091,17764
2026-03-05T19:56:55.526768+00:00,1772740615526.768,1.018555,-0.405518,0.734863,0.002352,-0.151367,-7.632812,18474,17813,18984,17919
2026-03-05T19:56:55.536723+00:00,1772740615536.723,1.018555,-0.405518,0.734863,0.002352,-0.151367,-7.632812,18555,17743,19103,17773
2026-03-05T19:56:55.549106+00:00,1772740615549.106,1.018555,-0.405273,0.734863,0.001388,-0.179321,-7.632812,18501,17734,19072,17838
2026-03-05T19:56:55.560369+00:00,1772740615560.369,1.018555,-0.405273,0.734863,0.000665,-0.202148,-7.621094,18529,17736,19182,17684
2026-03-05T19:56:55.566441+00:00,1772740615566.441,1.018555,-0.405273,0.734863,-0.010742,-0.203247,-7.613281,18529,17736,19182,17684
2026-03-05T19:56:55.576165+00:00,1772740615576.165,1.018555,-0.405029,0.734863,-0.008530,-0.194702,-7.597656,18528,17772,19135,17715
2026-03-05T19:56:55.587425+00:00,1772740615587.425,1.018555,-0.405029,0.734863,-0.004173,-0.171753,-7.593750,18402,17872,19103,17771
2026-03-05T19:56:55.596711+00:00,1772740615596.711,1.018555,-0.405029,0.734863,0.011627,-0.161255,-7.593750,18518,17778,19021,17823
2026-03-05T19:56:55.607406+00:00,1772740615607.406,1.018555,-0.404785,0.734863,0.020615,-0.176636,-7.589844,18396,17844,18975,17901
2026-03-05T19:56:55.618033+00:00,1772740615618.033,1.017578,-0.404785,0.734863,0.026764,-0.190918,-7.589844,18414,17851,18936,17892
2026-03-05T19:56:55.626380+00:00,1772740615626.380,1.017578,-0.404541,0.734863,0.036530,-0.208740,-7.589844,18546,17761,19006,17803
2026-03-05T19:56:55.636948+00:00,1772740615636.948,1.017578,-0.404541,0.734863,0.036530,-0.208740,-7.589844,18510,17801,19017,17813
2026-03-05T19:56:55.647695+00:00,1772740615647.695,1.017578,-0.404541,0.734863,0.049408,-0.211060,-7.585938,18536,17792,19086,17768
2026-03-05T19:56:55.658803+00:00,1772740615658.802,1.017578,-0.404297,0.734863,0.061066,-0.220825,-7.578125,18496,17832,19122,17734
2026-03-05T19:56:55.670207+00:00,1772740615670.207,1.017578,-0.404297,0.734863,0.079224,-0.220337,-7.570312,18531,17776,19106,17741
2026-03-05T19:56:55.679412+00:00,1772740615679.412,1.017578,-0.404297,0.734863,0.092712,-0.218018,-7.562500,18531,17776,19106,17741
2026-03-05T19:56:55.687699+00:00,1772740615687.699,1.016602,-0.404053,0.734863,0.105835,-0.186279,-7.550781,18485,17831,19142,17662
2026-03-05T19:56:55.696986+00:00,1772740615696.986,1.016602,-0.403809,0.734863,0.120178,-0.162842,-7.539062,18566,17719,19250,17580
2026-03-05T19:56:55.706404+00:00,1772740615706.404,1.016602,-0.403809,0.734863,0.129639,-0.142456,-7.527344,18460,17794,19152,17680
2026-03-05T19:56:55.716535+00:00,1772740615716.536,1.016602,-0.403809,0.734863,0.134277,-0.142944,-7.527344,18467,17795,19021,17790
2026-03-05T19:56:55.727109+00:00,1772740615727.109,1.016602,-0.403564,0.734863,0.154663,-0.156372,-7.519531,18494,17805,18960,17801
2026-03-05T19:56:55.737635+00:00,1772740615737.635,1.016602,-0.403564,0.734863,0.170410,-0.174194,-7.519531,18520,17760,19103,17669
2026-03-05T19:56:55.747556+00:00,1772740615747.557,1.016602,-0.403564,0.734863,0.170410,-0.174194,-7.519531,18485,17743,19025,17757
2026-03-05T19:56:55.757381+00:00,1772740615757.381,1.015625,-0.403320,0.734863,0.187134,-0.169312,-7.507812,18457,17771,18983,17790
2026-03-05T19:56:55.768656+00:00,1772740615768.656,1.015625,-0.403320,0.734863,0.205322,-0.168823,-7.500000,18481,17745,19038,17742
2026-03-05T19:56:55.780689+00:00,1772740615780.689,1.015625,-0.403076,0.734863,0.204712,-0.193604,-7.496094,18520,17684,19123,17692
2026-03-05T19:56:55.789852+00:00,1772740615789.852,1.015625,-0.403076,0.734863,0.200073,-0.211670,-7.492188,18520,17684,19123,17692
2026-03-05T19:56:55.797672+00:00,1772740615797.672,1.015625,-0.402832,0.734863,0.205688,-0.210938,-7.476562,18547,17730,19145,17621
2026-03-05T19:56:55.807654+00:00,1772740615807.654,1.015625,-0.402832,0.734863,0.214722,-0.197876,-7.460938,18515,17745,19046,17771
2026-03-05T19:56:55.817387+00:00,1772740615817.388,1.015625,-0.402588,0.734863,0.225220,-0.192627,-7.457031,18531,17746,19142,17653
2026-03-05T19:56:55.827184+00:00,1772740615827.184,1.015625,-0.402588,0.734863,0.239380,-0.181396,-7.445312,18414,17852,19074,17725
2026-03-05T19:56:55.837001+00:00,1772740615837.001,1.014648,-0.402344,0.734863,0.246948,-0.166992,-7.441406,18424,17838,19117,17680
2026-03-05T19:56:55.847627+00:00,1772740615847.627,1.014648,-0.402344,0.734863,0.258301,-0.139893,-7.433594,18457,17830,19137,17670
2026-03-05T19:56:55.857381+00:00,1772740615857.381,1.014648,-0.402344,0.734863,0.258301,-0.139893,-7.433594,18466,17802,19123,17730
2026-03-05T19:56:55.872802+00:00,1772740615872.802,1.014648,-0.402100,0.734375,0.268066,-0.109619,-7.421875,18530,17808,19158,17671
2026-03-05T19:56:55.878160+00:00,1772740615878.160,1.014648,-0.402100,0.734375,0.268066,-0.109619,-7.421875,18406,17883,19125,17767
2026-03-05T19:56:55.890902+00:00,1772740615890.902,1.014648,-0.401855,0.734375,0.281982,-0.086975,-7.410156,18465,17854,19091,17755
2026-03-05T19:56:55.899636+00:00,1772740615899.636,1.014648,-0.401855,0.734375,0.289551,-0.076050,-7.406250,18465,17854,19091,17755
2026-03-05T19:56:55.907134+00:00,1772740615907.135,1.014648,-0.401611,0.734375,0.295410,-0.071411,-7.394531,18578,17724,19212,17637
2026-03-05T19:56:55.918303+00:00,1772740615918.303,1.013672,-0.401611,0.734375,0.285156,-0.080505,-7.386719,18546,17772,19151,17734
2026-03-05T19:56:55.928014+00:00,1772740615928.014,1.013672,-0.401611,0.734375,0.274902,-0.102295,-7.382812,18526,17830,19095,17848
2026-03-05T19:56:55.937714+00:00,1772740615937.714,1.013672,-0.401367,0.734375,0.271729,-0.124084,-7.382812,18547,17872,19065,17842
2026-03-05T19:56:55.948400+00:00,1772740615948.400,1.013672,-0.401367,0.733887,0.275391,-0.147217,-7.375000,18588,17781,19120,17826
2026-03-05T19:56:55.957447+00:00,1772740615957.448,1.013672,-0.401367,0.733887,0.274658,-0.170776,-7.367188,18597,17805,19094,17758
2026-03-05T19:56:55.967969+00:00,1772740615967.969,1.013672,-0.401123,0.733887,0.274658,-0.170776,-7.367188,18544,17802,19058,17843
2026-03-05T19:56:55.978388+00:00,1772740615978.388,1.013672,-0.401123,0.733887,0.287109,-0.202393,-7.363281,18535,17838,19100,17790
2026-03-05T19:56:55.988148+00:00,1772740615988.148,1.013672,-0.400879,0.733887,0.288818,-0.239380,-7.363281,18565,17853,19026,17861
2026-03-05T19:56:55.999422+00:00,1772740615999.422,1.013672,-0.400879,0.733887,0.298096,-0.259277,-7.363281,18540,17922,19088,17781
2026-03-05T19:56:56.007826+00:00,1772740616007.826,1.012695,-0.400879,0.733887,0.311035,-0.280273,-7.367188,18540,17922,19088,17781
2026-03-05T19:56:56.017957+00:00,1772740616017.957,1.012695,-0.400635,0.733887,0.327148,-0.268555,-7.363281,18460,17954,19053,17836
2026-03-05T19:56:56.028382+00:00,1772740616028.383,1.012695,-0.400635,0.733398,0.336670,-0.252686,-7.363281,18512,17887,19186,17701
2026-03-05T19:56:56.037371+00:00,1772740616037.372,1.012695,-0.400391,0.733398,0.351807,-0.221680,-7.359375,18513,17893,19206,17656
2026-03-05T19:56:56.047568+00:00,1772740616047.568,1.012695,-0.400391,0.733398,0.366699,-0.188599,-7.351562,18466,17946,19118,17742
2026-03-05T19:56:56.057231+00:00,1772740616057.231,1.012695,-0.400391,0.733398,0.391357,-0.166138,-7.355469,18389,18025,19043,17815
2026-03-05T19:56:56.067757+00:00,1772740616067.757,1.012695,-0.400146,0.733398,0.399170,-0.151733,-7.363281,18503,17927,19159,17690
2026-03-05T19:56:56.078197+00:00,1772740616078.198,1.011719,-0.400146,0.733398,0.399170,-0.151733,-7.363281,18435,17931,19089,17818
2026-03-05T19:56:56.087921+00:00,1772740616087.921,1.011719,-0.400146,0.733398,0.397461,-0.137085,-7.367188,18351,17986,19014,17898
2026-03-05T19:56:56.099627+00:00,1772740616099.627,1.011719,-0.399902,0.733398,0.394043,-0.123169,-7.371094,18366,17970,18966,17871
2026-03-05T19:56:56.110119+00:00,1772740616110.118,1.011719,-0.399902,0.733398,0.390381,-0.124634,-7.382812,18406,17924,19063,17751
2026-03-05T19:56:56.119923+00:00,1772740616119.923,1.011719,-0.399902,0.733398,0.394043,-0.135498,-7.386719,18406,17924,19063,17751
2026-03-05T19:56:56.127439+00:00,1772740616127.439,1.011719,-0.399902,0.733398,0.393311,-0.150635,-7.386719,18469,17864,18954,17861
2026-03-05T19:56:56.137192+00:00,1772740616137.192,1.011719,-0.399658,0.733398,0.397705,-0.183228,-7.394531,18558,17841,19087,17717
2026-03-05T19:56:56.148393+00:00,1772740616148.393,1.010742,-0.399658,0.733398,0.404053,-0.203247,-7.386719,18554,17832,19084,17767
2026-03-05T19:56:56.157380+00:00,1772740616157.380,1.010742,-0.399658,0.733398,0.415283,-0.235352,-7.390625,18584,17864,19037,17772
2026-03-05T19:56:56.167998+00:00,1772740616167.998,1.010742,-0.399414,0.733398,0.433594,-0.257568,-7.386719,18544,17880,19048,17756
2026-03-05T19:56:56.177919+00:00,1772740616177.919,1.010742,-0.399414,0.733398,0.453125,-0.300781,-7.390625,18570,17881,18965,17772
2026-03-05T19:56:56.188552+00:00,1772740616188.552,1.010742,-0.399414,0.733398,0.453125,-0.300781,-7.390625,18609,17857,19025,17687
2026-03-05T19:56:56.199083+00:00,1772740616199.083,1.010742,-0.399414,0.732910,0.485352,-0.330566,-7.382812,18585,17885,18873,17873
2026-03-05T19:56:56.209092+00:00,1772740616209.092,1.010742,-0.399170,0.732910,0.512207,-0.377441,-7.386719,18557,17921,18802,17939
2026-03-05T19:56:56.219544+00:00,1772740616219.545,1.010742,-0.399170,0.732910,0.536133,-0.431152,-7.398438,18525,17967,18786,17918
2026-03-05T19:56:56.230288+00:00,1772740616230.288,1.009766,-0.399170,0.732910,0.558594,-0.507812,-7.421875,18525,17967,18786,17918
2026-03-05T19:56:56.237885+00:00,1772740616237.885,1.009766,-0.399170,0.732910,0.580566,-0.545898,-7.429688,18513,17947,18828,17861
2026-03-05T19:56:56.247661+00:00,1772740616247.661,1.009766,-0.399170,0.732910,0.598633,-0.569824,-7.433594,18545,17849,18899,17787
2026-03-05T19:56:56.258112+00:00,1772740616258.112,1.009766,-0.399170,0.733398,0.602539,-0.592285,-7.441406,18487,17897,18807,17844
2026-03-05T19:56:56.267896+00:00,1772740616267.897,1.009766,-0.399170,0.733398,0.612305,-0.609375,-7.453125,18416,17964,18822,17835
2026-03-05T19:56:56.278452+00:00,1772740616278.452,1.009766,-0.399170,0.733398,0.610840,-0.608398,-7.468750,18451,17923,18886,17795
2026-03-05T19:56:56.287528+00:00,1772740616287.528,1.009766,-0.399170,0.733398,0.608887,-0.607422,-7.480469,18369,18028,18809,17866
2026-03-05T19:56:56.298254+00:00,1772740616298.254,1.009766,-0.399170,0.733398,0.607910,-0.595215,-7.500000,18340,18055,18801,17858
2026-03-05T19:56:56.308910+00:00,1772740616308.910,1.009766,-0.399170,0.733398,0.607910,-0.595215,-7.500000,18436,17932,18918,17730
2026-03-05T19:56:56.319201+00:00,1772740616319.201,1.008789,-0.399170,0.733398,0.604004,-0.566895,-7.511719,18324,17967,18844,17854
2026-03-05T19:56:56.329935+00:00,1772740616329.935,1.008789,-0.399170,0.733398,0.593750,-0.545898,-7.519531,18306,17968,18822,17865
2026-03-05T19:56:56.340366+00:00,1772740616340.366,1.008789,-0.399170,0.733398,0.574707,-0.541016,-7.535156,18306,17968,18822,17865
2026-03-05T19:56:56.348596+00:00,1772740616348.596,1.008789,-0.399170,0.733398,0.553223,-0.530762,-7.550781,18314,17970,18853,17856
2026-03-05T19:56:56.358697+00:00,1772740616358.697,1.008789,-0.399414,0.733398,0.526367,-0.522461,-7.566406,18339,17970,18839,17864
2026-03-05T19:56:56.369016+00:00,1772740616369.016,1.008789,-0.399414,0.733398,0.497803,-0.529297,-7.582031,18386,17887,18795,17924
2026-03-05T19:56:56.378820+00:00,1772740616378.820,1.008789,-0.399414,0.733398,0.462646,-0.533203,-7.585938,18450,17788,18923,17825
2026-03-05T19:56:56.388787+00:00,1772740616388.787,1.008789,-0.399414,0.733887,0.420654,-0.535645,-7.593750,18281,17875,18886,17906
2026-03-05T19:56:56.398841+00:00,1772740616398.841,1.008789,-0.399658,0.733887,0.371826,-0.541016,-7.605469,18290,17888,18843,17903
2026-03-05T19:56:56.407942+00:00,1772740616407.942,1.008789,-0.399658,0.733887,0.328613,-0.565430,-7.621094,18324,17830,18842,17902
2026-03-05T19:56:56.422699+00:00,1772740616422.698,1.008789,-0.399658,0.733887,0.328613,-0.565430,-7.621094,18359,17835,18888,17830
2026-03-05T19:56:56.429808+00:00,1772740616429.808,1.008789,-0.399658,0.733887,0.287842,-0.580566,-7.636719,18391,17790,18874,17875
2026-03-05T19:56:56.440393+00:00,1772740616440.393,1.008789,-0.399658,0.733887,0.255127,-0.583008,-7.644531,18459,17765,18891,17838
2026-03-05T19:56:56.450793+00:00,1772740616450.793,1.008789,-0.399902,0.733887,0.219604,-0.600098,-7.652344,18459,17765,18891,17838
2026-03-05T19:56:56.458411+00:00,1772740616458.411,1.007812,-0.399902,0.733887,0.190186,-0.628906,-7.656250,18324,17826,18814,17977
2026-03-05T19:56:56.468354+00:00,1772740616468.354,1.007812,-0.399902,0.733887,0.155151,-0.661621,-7.675781,18287,17885,18701,18049
2026-03-05T19:56:56.478185+00:00,1772740616478.185,1.007812,-0.400146,0.733887,0.120667,-0.692383,-7.695312,18321,17878,18764,17949
2026-03-05T19:56:56.488732+00:00,1772740616488.732,1.007812,-0.400146,0.733887,0.110962,-0.695312,-7.714844,18390,17859,18833,17854
2026-03-05T19:56:56.498692+00:00,1772740616498.692,1.007812,-0.400146,0.733887,0.090820,-0.692871,-7.726562,18344,17832,18831,17938
2026-03-05T19:56:56.509301+00:00,1772740616509.301,1.007812,-0.400391,0.734375,0.073425,-0.685547,-7.734375,18397,17795,18907,17835
2026-03-05T19:56:56.519097+00:00,1772740616519.097,1.007812,-0.400391,0.734375,0.054382,-0.684570,-7.746094,18344,17905,18778,17936
2026-03-05T19:56:56.529042+00:00,1772740616529.042,1.007812,-0.400391,0.734375,0.029709,-0.667480,-7.757812,18339,17837,18823,17975
2026-03-05T19:56:56.539716+00:00,1772740616539.716,1.007812,-0.400391,0.734375,0.029709,-0.667480,-7.757812,18338,17887,18758,18028
2026-03-05T19:56:56.551784+00:00,1772740616551.784,1.007812,-0.400391,0.734375,0.002937,-0.696777,-7.773438,18347,17878,18844,17968
2026-03-05T19:56:56.558683+00:00,1772740616558.683,1.007812,-0.400391,0.734375,-0.014664,-0.702637,-7.789062,18347,17878,18844,17968
2026-03-05T19:56:56.568762+00:00,1772740616568.762,1.007812,-0.400635,0.734375,-0.032166,-0.652344,-7.785156,18341,17863,19048,17807
2026-03-05T19:56:56.578398+00:00,1772740616578.398,1.007812,-0.400635,0.734375,-0.055695,-0.615234,-7.792969,18278,17942,18870,17993
2026-03-05T19:56:56.588952+00:00,1772740616588.952,1.008789,-0.400635,0.734375,-0.078979,-0.584473,-7.804688,18206,18025,18785,18076
2026-03-05T19:56:56.599072+00:00,1772740616599.072,1.008789,-0.400879,0.734375,-0.091980,-0.541504,-7.820312,18310,17937,18928,17951
2026-03-05T19:56:56.609473+00:00,1772740616609.473,1.008789,-0.400879,0.733887,-0.103882,-0.489746,-7.828125,18368,17945,18947,17908
2026-03-05T19:56:56.618895+00:00,1772740616618.895,1.008789,-0.400879,0.733887,-0.104248,-0.459229,-7.835938,18322,17957,18896,18020
2026-03-05T19:56:56.628932+00:00,1772740616628.932,1.008789,-0.400879,0.733887,-0.104248,-0.459229,-7.835938,18396,17943,18929,17910
2026-03-05T19:56:56.639327+00:00,1772740616639.326,1.008789,-0.400879,0.733887,-0.086853,-0.429199,-7.847656,18393,17900,18873,18020
2026-03-05T19:56:56.650191+00:00,1772740616650.190,1.008789,-0.400879,0.733887,-0.086853,-0.429199,-7.847656,18363,17954,18873,18019
2026-03-05T19:56:56.661573+00:00,1772740616661.573,1.008789,-0.400879,0.733887,-0.087891,-0.438232,-7.859375,18476,17899,19032,17815
2026-03-05T19:56:56.668298+00:00,1772740616668.298,1.008789,-0.400879,0.733887,-0.089661,-0.423096,-7.871094,18476,17899,19032,17815
2026-03-05T19:56:56.679616+00:00,1772740616679.616,1.008789,-0.400879,0.733887,-0.076111,-0.407959,-7.871094,18436,17919,18894,17954
2026-03-05T19:56:56.689454+00:00,1772740616689.454,1.008789,-0.400879,0.733887,-0.063477,-0.391602,-7.878906,18442,17884,18962,17886
2026-03-05T19:56:56.699677+00:00,1772740616699.677,1.008789,-0.400879,0.733887,-0.045746,-0.404785,-7.898438,18274,18049,18674,18149
2026-03-05T19:56:56.709077+00:00,1772740616709.078,1.008789,-0.400879,0.733887,-0.040436,-0.439941,-7.925781,18298,17952,18713,18132
2026-03-05T19:56:56.719141+00:00,1772740616719.142,1.008789,-0.400879,0.733887,-0.042572,-0.442627,-7.941406,18351,17946,18863,17952
2026-03-05T19:56:56.729736+00:00,1772740616729.736,1.009766,-0.400879,0.733887,-0.035614,-0.429443,-7.953125,18455,17871,18860,17948
2026-03-05T19:56:56.739279+00:00,1772740616739.279,1.008789,-0.400879,0.733887,-0.035614,-0.429443,-7.953125,18397,17939,18848,17965
2026-03-05T19:56:56.749345+00:00,1772740616749.345,1.009766,-0.400879,0.733887,-0.011147,-0.400879,-7.972656,18337,17961,18744,18048
2026-03-05T19:56:56.760372+00:00,1772740616760.371,1.009766,-0.400879,0.733887,-0.011147,-0.400879,-7.972656,18278,17970,18814,17990
2026-03-05T19:56:56.771172+00:00,1772740616771.172,1.009766,-0.400879,0.733887,0.003918,-0.392334,-7.988281,18231,18049,18793,17981
2026-03-05T19:56:56.781009+00:00,1772740616781.009,1.009766,-0.400879,0.733887,0.016113,-0.369873,-8.007812,18231,18049,18793,17981
2026-03-05T19:56:56.789454+00:00,1772740616789.454,1.009766,-0.400879,0.733887,0.017685,-0.324707,-8.015625,18326,17898,18992,17860
2026-03-05T19:56:56.799870+00:00,1772740616799.870,1.009766,-0.400879,0.733887,0.006039,-0.280029,-8.023438,18231,18016,18863,18033
2026-03-05T19:56:56.809791+00:00,1772740616809.791,1.009766,-0.400879,0.733887,-0.014656,-0.243164,-8.039062,18232,18003,18842,18115
2026-03-05T19:56:56.819752+00:00,1772740616819.751,1.009766,-0.400879,0.733887,-0.035309,-0.212158,-8.062500,18214,18012,18885,18058
2026-03-05T19:56:56.829769+00:00,1772740616829.769,1.009766,-0.400635,0.733887,-0.044922,-0.186768,-8.078125,18258,17989,18929,17965
2026-03-05T19:56:56.839742+00:00,1772740616839.742,1.010742,-0.400635,0.734375,-0.048950,-0.159180,-8.085938,18311,17909,18986,17915
2026-03-05T19:56:56.849918+00:00,1772740616849.918,1.010742,-0.400635,0.734375,-0.047180,-0.112122,-8.085938,18355,17886,19009,17881
2026-03-05T19:56:56.860432+00:00,1772740616860.432,1.009766,-0.400635,0.734375,-0.047180,-0.112122,-8.085938,18320,17977,18962,17893
2026-03-05T19:56:56.870417+00:00,1772740616870.417,1.009766,-0.400635,0.734375,-0.041168,-0.079468,-8.078125,18320,17949,19052,17835
2026-03-05T19:56:56.881238+00:00,1772740616881.238,1.010742,-0.400391,0.734375,-0.019897,-0.031433,-8.078125,18361,17948,19014,17826
2026-03-05T19:56:56.891230+00:00,1772740616891.231,1.010742,-0.400391,0.734375,-0.002253,0.006641,-8.078125,18361,17948,19014,17826
2026-03-05T19:56:56.899294+00:00,1772740616899.294,1.010742,-0.400391,0.734375,0.027710,0.038269,-8.093750,18281,18035,18818,17991
2026-03-05T19:56:56.909106+00:00,1772740616909.106,1.010742,-0.400391,0.734375,0.056580,0.047485,-8.093750,18352,17934,19021,17805
2026-03-05T19:56:56.919175+00:00,1772740616919.175,1.010742,-0.400391,0.734375,0.083435,0.056000,-8.101562,18334,17971,18864,17926
2026-03-05T19:56:56.929397+00:00,1772740616929.397,1.010742,-0.400146,0.734375,0.114197,0.064819,-8.109375,18382,17976,18895,17840
2026-03-05T19:56:56.939426+00:00,1772740616939.426,1.010742,-0.400146,0.734375,0.159912,0.056976,-8.125000,18358,18006,18820,17906
2026-03-05T19:56:56.949472+00:00,1772740616949.472,1.010742,-0.400146,0.734375,0.214722,0.063843,-8.132812,18425,17996,18846,17791
2026-03-05T19:56:56.959970+00:00,1772740616959.969,1.010742,-0.400146,0.734375,0.281494,0.034698,-8.148438,18344,18096,18710,17892
2026-03-05T19:56:56.974612+00:00,1772740616974.612,1.010742,-0.400146,0.734375,0.281494,0.034698,-8.148438,18357,18068,18711,17902
2026-03-05T19:56:56.981652+00:00,1772740616981.652,1.010742,-0.399902,0.734375,0.351074,0.023224,-8.164062,18462,17993,18754,17848
2026-03-05T19:56:56.991909+00:00,1772740616991.908,1.010742,-0.399902,0.734375,0.402588,0.000855,-8.179688,18482,17917,18755,17889
2026-03-05T19:56:57.001398+00:00,1772740617001.398,1.010742,-0.399902,0.734375,0.452637,-0.035980,-8.187500,18482,17917,18755,17889
2026-03-05T19:56:57.009482+00:00,1772740617009.481,1.010742,-0.399902,0.734375,0.492188,-0.104126,-8.210938,18379,17986,18623,18029
2026-03-05T19:56:57.020162+00:00,1772740617020.162,1.010742,-0.399902,0.734375,0.513672,-0.197632,-8.234375,18445,17883,18565,18084
2026-03-05T19:56:57.029311+00:00,1772740617029.311,1.010742,-0.399902,0.734375,0.514648,-0.300049,-8.250000,18499,17795,18729,17936
2026-03-05T19:56:57.040226+00:00,1772740617040.226,1.010742,-0.399902,0.734375,0.499756,-0.396973,-8.257812,18516,17723,18732,17988
2026-03-05T19:56:57.049797+00:00,1772740617049.797,1.010742,-0.399902,0.734863,0.477051,-0.471680,-8.265625,18397,17777,18692,18086
2026-03-05T19:56:57.060415+00:00,1772740617060.415,1.010742,-0.399902,0.734863,0.441162,-0.549316,-8.281250,18422,17762,18766,17984
2026-03-05T19:56:57.069727+00:00,1772740617069.728,1.010742,-0.399902,0.734863,0.393799,-0.608887,-8.289062,18323,17765,18756,18081
2026-03-05T19:56:57.079591+00:00,1772740617079.592,1.010742,-0.399902,0.734863,0.327148,-0.670410,-8.304688,18224,17804,18683,18216
2026-03-05T19:56:57.091594+00:00,1772740617091.594,1.009766,-0.399902,0.734863,0.327148,-0.670410,-8.304688,18299,17769,18765,18112
2026-03-05T19:56:57.101895+00:00,1772740617101.895,1.009766,-0.399902,0.734863,0.245728,-0.727539,-8.328125,18255,17773,18862,18128
2026-03-05T19:56:57.111825+00:00,1772740617111.825,1.009766,-0.399902,0.734863,0.156006,-0.750977,-8.335938,18255,17773,18862,18128
2026-03-05T19:56:57.119549+00:00,1772740617119.550,1.009766,-0.399902,0.734863,0.080566,-0.773926,-8.351562,18308,17763,18907,18063
2026-03-05T19:56:57.130088+00:00,1772740617130.088,1.009766,-0.399902,0.734863,0.014534,-0.749023,-8.359375,18232,17852,18911,18045
2026-03-05T19:56:57.140794+00:00,1772740617140.794,1.009766,-0.399902,0.734863,-0.040741,-0.724609,-8.375000,18088,17968,18756,18199
2026-03-05T19:56:57.150655+00:00,1772740617150.656,1.010742,-0.400146,0.734863,-0.091919,-0.694824,-8.375000,18281,17794,18967,17982
2026-03-05T19:56:57.160401+00:00,1772740617160.401,1.010742,-0.399902,0.734863,-0.127808,-0.655273,-8.375000,18277,17881,18991,17931
2026-03-05T19:56:57.170159+00:00,1772740617170.159,1.010742,-0.400146,0.734863,-0.146240,-0.587891,-8.375000,18274,17904,19011,17903
2026-03-05T19:56:57.179415+00:00,1772740617179.415,1.010742,-0.400146,0.734863,-0.160889,-0.522461,-8.382812,18164,18073,18825,18067
2026-03-05T19:56:57.189600+00:00,1772740617189.601,1.010742,-0.400146,0.734863,-0.159668,-0.478271,-8.406250,18199,18023,18829,18030
2026-03-05T19:56:57.201304+00:00,1772740617201.304,1.010742,-0.400146,0.734863,-0.159668,-0.478271,-8.406250,18128,18022,18767,18112
2026-03-05T19:56:57.212654+00:00,1772740617212.654,1.010742,-0.400146,0.734863,-0.157959,-0.427979,-8.421875,18287,17898,18852,17974
2026-03-05T19:56:57.222615+00:00,1772740617222.615,1.010742,-0.400146,0.734863,-0.155273,-0.409668,-8.437500,18361,17874,18987,17812
2026-03-05T19:56:57.230188+00:00,1772740617230.188,1.010742,-0.400146,0.734863,-0.142334,-0.363281,-8.437500,18361,17874,18987,17812
2026-03-05T19:56:57.240067+00:00,1772740617240.067,1.010742,-0.400146,0.734863,-0.122681,-0.348877,-8.437500,18425,17841,18935,17892
2026-03-05T19:56:57.250014+00:00,1772740617250.013,1.010742,-0.400146,0.734863,-0.105835,-0.327637,-8.437500,18401,17893,18885,17918
2026-03-05T19:56:57.261287+00:00,1772740617261.287,1.010742,-0.400146,0.734863,-0.088562,-0.324463,-8.445312,18315,17900,18861,18020
2026-03-05T19:56:57.270424+00:00,1772740617270.424,1.010742,-0.399902,0.734863,-0.078613,-0.316895,-8.445312,18306,17928,18900,17943
2026-03-05T19:56:57.280865+00:00,1772740617280.865,1.010742,-0.399902,0.734863,-0.085144,-0.307129,-8.453125,18351,17822,18869,18049
2026-03-05T19:56:57.290961+00:00,1772740617290.961,1.010742,-0.399902,0.734863,-0.093018,-0.336182,-8.460938,18410,17816,18861,18001
2026-03-05T19:56:57.300565+00:00,1772740617300.565,1.010742,-0.399902,0.734863,-0.094543,-0.350098,-8.460938,18410,17791,18895,18014
2026-03-05T19:56:57.311297+00:00,1772740617311.297,1.010742,-0.399902,0.734863,-0.094543,-0.350098,-8.460938,18495,17696,19025,17895
2026-03-05T19:56:57.322602+00:00,1772740617322.602,1.010742,-0.399902,0.734863,-0.103210,-0.375000,-8.460938,18306,17877,18747,18167
2026-03-05T19:56:57.333262+00:00,1772740617333.261,1.010742,-0.399658,0.734375,-0.108765,-0.394775,-8.468750,18341,17843,18830,18099
2026-03-05T19:56:57.340227+00:00,1772740617340.227,1.011719,-0.399658,0.734375,-0.114563,-0.422607,-8.484375,18341,17843,18830,18099
2026-03-05T19:56:57.350938+00:00,1772740617350.938,1.011719,-0.399658,0.734375,-0.125366,-0.453613,-8.484375,18380,17778,18911,18065
2026-03-05T19:56:57.360606+00:00,1772740617360.606,1.011719,-0.399658,0.734375,-0.139038,-0.472412,-8.476562,18438,17719,18920,18081
2026-03-05T19:56:57.370100+00:00,1772740617370.100,1.011719,-0.399658,0.734375,-0.150146,-0.475098,-8.476562,18369,17844,18863,18096
2026-03-05T19:56:57.380953+00:00,1772740617380.953,1.011719,-0.399658,0.734375,-0.148926,-0.491455,-8.484375,18511,17743,19040,17895
2026-03-05T19:56:57.391120+00:00,1772740617391.120,1.011719,-0.399414,0.734375,-0.142334,-0.501953,-8.476562,18470,17769,18933,18015
2026-03-05T19:56:57.399980+00:00,1772740617399.979,1.011719,-0.399414,0.734375,-0.128174,-0.484375,-8.468750,18498,17761,19019,17921
2026-03-05T19:56:57.410059+00:00,1772740617410.059,1.011719,-0.399414,0.734375,-0.109436,-0.477295,-8.460938,18512,17783,18897,17997
2026-03-05T19:56:57.421202+00:00,1772740617421.201,1.011719,-0.399170,0.734375,-0.109436,-0.477295,-8.460938,18516,17788,19069,17843
2026-03-05T19:56:57.432753+00:00,1772740617432.753,1.011719,-0.399170,0.734375,-0.082153,-0.473877,-8.445312,18503,17810,19027,17864
2026-03-05T19:56:57.443667+00:00,1772740617443.667,1.012695,-0.399170,0.733887,-0.058289,-0.443115,-8.437500,18446,17902,18939,17938
2026-03-05T19:56:57.451062+00:00,1772740617451.062,1.012695,-0.399170,0.733887,-0.029434,-0.410156,-8.429688,18446,17902,18939,17938
2026-03-05T19:56:57.460630+00:00,1772740617460.630,1.012695,-0.398926,0.733887,0.011871,-0.374512,-8.421875,18507,17820,19088,17780
2026-03-05T19:56:57.471200+00:00,1772740617471.200,1.012695,-0.398926,0.733887,0.034943,-0.332520,-8.406250,18451,17825,18999,17906
2026-03-05T19:56:57.481584+00:00,1772740617481.584,1.012695,-0.398682,0.733887,0.049896,-0.305664,-8.398438,18558,17721,19115,17787
2026-03-05T19:56:57.491023+00:00,1772740617491.023,1.012695,-0.398682,0.733887,0.059174,-0.274902,-8.382812,18500,17757,19159,17801
2026-03-05T19:56:57.501554+00:00,1772740617501.554,1.012695,-0.398682,0.733887,0.056519,-0.220947,-8.359375,18352,17905,19047,17919
2026-03-05T19:56:57.509967+00:00,1772740617509.967,1.012695,-0.398438,0.733887,0.054626,-0.168823,-8.343750,18434,17775,19126,17885
2026-03-05T19:56:57.525298+00:00,1772740617525.298,1.012695,-0.398438,0.733887,0.054626,-0.168823,-8.343750,18439,17772,19123,17879
2026-03-05T19:56:57.531884+00:00,1772740617531.884,1.012695,-0.398193,0.733887,0.050781,-0.130493,-8.328125,18507,17733,19212,17769
2026-03-05T19:56:57.542557+00:00,1772740617542.557,1.012695,-0.398193,0.733887,0.049652,-0.089844,-8.304688,18546,17713,19148,17832
2026-03-05T19:56:57.553935+00:00,1772740617553.935,1.012695,-0.398193,0.733887,0.054413,-0.083923,-8.289062,18516,17720,19150,17852
2026-03-05T19:56:57.563716+00:00,1772740617563.716,1.012695,-0.397949,0.733887,0.047729,-0.089294,-8.273438,18516,17720,19150,17852
2026-03-05T19:56:57.570962+00:00,1772740617570.962,1.012695,-0.397705,0.733398,0.048981,-0.101746,-8.265625,18497,17757,19058,17938
2026-03-05T19:56:57.581230+00:00,1772740617581.230,1.012695,-0.397705,0.733398,0.057373,-0.112915,-8.250000,18524,17736,19024,17978
2026-03-05T19:56:57.591079+00:00,1772740617591.079,1.012695,-0.397705,0.733398,0.055725,-0.150391,-8.242188,18620,17630,19066,17940
2026-03-05T19:56:57.601563+00:00,1772740617601.563,1.012695,-0.397461,0.733398,0.062500,-0.194336,-8.226562,18590,17687,18980,17969
2026-03-05T19:56:57.611610+00:00,1772740617611.610,1.012695,-0.397461,0.733398,0.078308,-0.249390,-8.218750,18618,17699,19016,17882
2026-03-05T19:56:57.621665+00:00,1772740617621.665,1.013672,-0.397217,0.733398,0.093567,-0.280762,-8.203125,18622,17692,19072,17840
2026-03-05T19:56:57.631187+00:00,1772740617631.187,1.012695,-0.397217,0.733398,0.093567,-0.280762,-8.203125,18610,17703,19107,17843
2026-03-05T19:56:57.641170+00:00,1772740617641.168,1.012695,-0.396973,0.733398,0.114868,-0.312012,-8.187500,18739,17654,19094,17776
2026-03-05T19:56:57.652043+00:00,1772740617652.043,1.012695,-0.396973,0.733398,0.146118,-0.323975,-8.164062,18679,17685,19115,17760
2026-03-05T19:56:57.664585+00:00,1772740617664.585,1.012695,-0.396729,0.733398,0.183594,-0.348145,-8.148438,18646,17709,19083,17790
2026-03-05T19:56:57.671757+00:00,1772740617671.757,1.012695,-0.396729,0.733398,0.222412,-0.362061,-8.125000,18646,17709,19083,17790
2026-03-05T19:56:57.681054+00:00,1772740617681.053,1.013672,-0.396729,0.733398,0.252930,-0.378418,-8.101562,18646,17736,19048,17813
2026-03-05T19:56:57.690939+00:00,1772740617690.939,1.012695,-0.396484,0.733398,0.281006,-0.393555,-8.093750,18612,17757,19021,17881
2026-03-05T19:56:57.701279+00:00,1772740617701.279,1.012695,-0.396484,0.733398,0.311523,-0.399902,-8.085938,18606,17794,19050,17842
2026-03-05T19:56:57.711046+00:00,1772740617711.046,1.013672,-0.396240,0.732910,0.323242,-0.395020,-8.070312,18688,17636,19227,17765
2026-03-05T19:56:57.721764+00:00,1772740617721.764,1.013672,-0.396240,0.732910,0.328857,-0.379395,-8.039062,18584,17759,19125,17840
2026-03-05T19:56:57.731119+00:00,1772740617731.119,1.013672,-0.396240,0.732910,0.328369,-0.363525,-8.023438,18511,17759,19081,17924
2026-03-05T19:56:57.740897+00:00,1772740617740.897,1.012695,-0.396240,0.732910,0.328369,-0.363525,-8.023438,18569,17772,19044,17873
2026-03-05T19:56:57.752160+00:00,1772740617752.160,1.012695,-0.395996,0.732910,0.327881,-0.359375,-8.007812,18578,17818,19075,17822
2026-03-05T19:56:57.762668+00:00,1772740617762.668,1.012695,-0.395996,0.732910,0.339355,-0.336426,-4.000000,18645,17787,19253,17670
2026-03-05T19:56:57.774138+00:00,1772740617774.138,1.012695,-0.395996,0.732910,0.356201,-0.292969,-7.980469,18601,17772,19197,17789
2026-03-05T19:56:57.781196+00:00,1772740617781.196,1.012695,-0.395752,0.732910,0.362549,-0.248169,-7.960938,18601,17772,19197,17789
2026-03-05T19:56:57.791657+00:00,1772740617791.656,1.012695,-0.395752,0.732910,0.375488,-0.207031,-7.941406,18529,17902,19212,17699
2026-03-05T19:56:57.801465+00:00,1772740617801.465,1.012695,-0.395752,0.732910,0.381836,-0.133057,-7.921875,18419,17961,19105,17844
2026-03-05T19:56:57.811366+00:00,1772740617811.366,1.012695,-0.395508,0.732910,0.381836,-0.067383,-7.906250,18543,17798,19314,17653
2026-03-05T19:56:57.821852+00:00,1772740617821.852,1.012695,-0.395508,0.732910,0.384766,-0.014900,-7.882812,18592,17755,19271,17662
2026-03-05T19:56:57.831925+00:00,1772740617831.925,1.012695,-0.395508,0.732910,0.383545,0.016983,-7.859375,18559,17808,19245,17680
2026-03-05T19:56:57.840908+00:00,1772740617840.908,1.012695,-0.395508,0.732910,0.386719,0.037048,-7.835938,18589,17742,19207,17745
2026-03-05T19:56:57.851413+00:00,1772740617851.413,1.012695,-0.395508,0.732910,0.382324,0.051758,-7.808594,18606,17713,19273,17635
2026-03-05T19:56:57.862677+00:00,1772740617862.677,1.012695,-0.395264,0.732910,0.382324,0.051758,-7.808594,18553,17768,19037,17798
2026-03-05T19:56:57.872717+00:00,1772740617872.716,1.011719,-0.395264,0.732910,0.396973,0.054840,-7.785156,18484,17785,19056,17807
2026-03-05T19:56:57.883618+00:00,1772740617883.618,1.011719,-0.395264,0.732910,0.402588,0.019516,-7.777344,18670,17614,19121,17730
2026-03-05T19:56:57.891143+00:00,1772740617891.143,1.011719,-0.395264,0.732910,0.401855,-0.035065,-7.769531,18670,17614,19121,17730
2026-03-05T19:56:57.901628+00:00,1772740617901.628,1.011719,-0.395264,0.732910,0.399658,-0.089844,-7.750000,18720,17579,19198,17659
2026-03-05T19:56:57.911389+00:00,1772740617911.389,1.011719,-0.395264,0.732910,0.391602,-0.153687,-7.726562,18656,17594,19113,17803
2026-03-05T19:56:57.921868+00:00,1772740617921.868,1.011719,-0.395264,0.732910,0.380859,-0.197632,-7.703125,18670,17609,19177,17693
2026-03-05T19:56:57.930834+00:00,1772740617930.835,1.011719,-0.395264,0.732910,0.370117,-0.233398,-7.683594,18630,17594,19106,17789
2026-03-05T19:56:57.941586+00:00,1772740617941.586,1.010742,-0.395264,0.732910,0.358643,-0.284912,-7.664062,18699,17548,19142,17691
2026-03-05T19:56:57.951398+00:00,1772740617951.398,1.010742,-0.395264,0.732910,0.343018,-0.339600,-7.640625,18647,17582,19103,17748
2026-03-05T19:56:57.961219+00:00,1772740617961.219,1.010742,-0.395264,0.732910,0.322021,-0.379150,-7.625000,18552,17637,19181,17711
2026-03-05T19:56:57.972662+00:00,1772740617972.661,1.010742,-0.395020,0.732910,0.322021,-0.379150,-7.625000,18509,17659,19107,17793
2026-03-05T19:56:57.983277+00:00,1772740617983.277,1.010742,-0.395020,0.732910,0.293945,-0.392334,-7.609375,18456,17696,19105,17799
2026-03-05T19:56:57.994019+00:00,1772740617994.020,1.010742,-0.395020,0.732910,0.262207,-0.422363,-7.609375,18443,17743,18999,17880
2026-03-05T19:56:58.001305+00:00,1772740618001.304,1.009766,-0.395020,0.732910,0.243896,-0.437988,-7.601562,18443,17743,18999,17880
2026-03-05T19:56:58.011833+00:00,1772740618011.833,1.009766,-0.395020,0.732910,0.215942,-0.454590,-7.593750,18563,17636,19148,17723
2026-03-05T19:56:58.022238+00:00,1772740618022.238,1.009766,-0.395264,0.732910,0.200073,-0.467285,-7.582031,18563,17653,19178,17680
2026-03-05T19:56:58.031613+00:00,1772740618031.613,1.009766,-0.395264,0.733398,0.190430,-0.461670,-7.558594,18520,17640,19181,17702
2026-03-05T19:56:58.041443+00:00,1772740618041.444,1.009766,-0.395264,0.733398,0.174438,-0.454834,-7.539062,18599,17601,19270,17557
2026-03-05T19:56:58.052292+00:00,1772740618052.292,1.009766,-0.395264,0.733398,0.165894,-0.445801,-7.511719,18616,17565,19196,17629
2026-03-05T19:56:58.061677+00:00,1772740618061.677,1.009766,-0.395264,0.733398,0.163208,-0.456055,-7.496094,18566,17643,19124,17701
2026-03-05T19:56:58.075375+00:00,1772740618075.375,1.008789,-0.395264,0.733398,0.172607,-0.471680,-7.480469,18646,17637,19173,17594
