time_ms,x,y,z,yaw_deg,sp_x,sp_y,sp_z,sp_yaw_deg
1.25,-0.034611,0.014264,0.008342,0.0000,-0.018837,-0.018846,0.000000,0.0000
6.62,-0.034611,0.014264,0.008342,0.0000,-0.018837,-0.018846,0.000000,0.0000
12.07,-0.034667,0.014441,0.008346,0.0000,0.000000,0.000000,0.000000,0.0000
17.42,-0.034696,0.014665,0.008335,0.0000,0.000000,0.000000,0.000000,0.0000
22.80,-0.034696,0.014665,0.008335,0.0000,0.000000,0.000000,0.000000,0.0000
28.13,-0.034808,0.014890,0.008326,0.0000,0.000000,0.000000,0.000000,0.0000
33.51,-0.034808,0.014890,0.008326,0.0000,0.018837,0.018846,0.000000,0.0000
38.84,-0.034866,0.015137,0.008314,0.0000,0.018837,0.018846,0.000000,0.0000
44.19,-0.034942,0.015365,0.008327,0.0000,0.018837,0.018846,0.000000,0.0000
49.52,-0.034942,0.015365,0.008327,0.0000,0.018837,0.018846,0.000000,0.0000
55.46,-0.035044,0.015638,0.008315,0.0000,0.018837,0.018846,0.000000,0.0000
60.82,-0.035131,0.015931,0.008319,0.0000,0.018837,0.018846,0.000000,0.0000
66.29,-0.035131,0.015931,0.008319,0.0000,0.018837,0.018846,0.000000,0.0000
71.83,-0.035218,0.016184,0.008311,0.0000,0.037600,0.037674,0.000000,0.0000
77.29,-0.035252,0.016474,0.008307,0.0000,0.037600,0.037674,0.000000,0.0000
82.72,-0.035252,0.016474,0.008307,0.0000,0.037600,0.037674,0.000000,0.0000
88.08,-0.035351,0.016728,0.008295,0.0000,0.037600,0.037674,0.000000,0.0000
93.38,-0.035411,0.017040,0.008284,0.0000,0.056214,0.056465,0.000000,0.0000
98.75,-0.035411,0.017040,0.008284,0.0000,0.056214,0.056465,0.000000,0.0000
104.34,-0.035495,0.017374,0.008265,0.0000,0.056214,0.056465,0.000000,0.0000
109.66,-0.035581,0.017722,0.008244,0.0000,0.056214,0.056465,0.000000,0.0000
115.07,-0.035581,0.017722,0.008244,0.0000,0.074607,0.075200,0.000000,0.0000
120.36,-0.035640,0.018062,0.008240,0.0000,0.074607,0.075200,0.000000,0.0000
125.71,-0.035640,0.018062,0.008240,0.0000,0.074607,0.075200,0.000000,0.0000
131.27,-0.035696,0.018427,0.008215,0.0000,0.074607,0.075200,0.000000,0.0000
136.40,-0.035690,0.018773,0.008194,0.0000,0.092705,0.093861,0.000000,0.0000
141.78,-0.035690,0.018773,0.008194,0.0000,0.092705,0.093861,0.000000,0.0000
147.13,-0.035708,0.019131,0.008194,0.0000,0.092705,0.093861,0.000000,0.0000
152.49,-0.035708,0.019131,0.008194,0.0000,0.110437,0.112429,0.000000,0.0000
157.85,-0.035687,0.019547,0.008213,0.0000,0.110437,0.112429,0.000000,0.0000
163.18,-0.035702,0.019953,0.008201,0.0000,0.110437,0.112429,0.000000,0.0000
168.61,-0.035683,0.020424,0.008188,0.0000,0.110437,0.112429,0.000000,0.0000
173.95,-0.035683,0.020424,0.008188,0.0000,0.110437,0.112429,0.000000,0.0000
179.24,-0.035640,0.020914,0.008174,0.0000,0.110437,0.112429,0.000000,0.0000
184.56,-0.035572,0.021445,0.008158,0.0000,0.110437,0.112429,0.000000,0.0000
189.93,-0.035572,0.021445,0.008158,0.0000,0.110437,0.112429,0.000000,0.0000
195.24,-0.035472,0.021917,0.008139,0.0000,0.127734,0.130886,0.000000,0.0000
200.63,-0.035472,0.021917,0.008139,0.0000,0.127734,0.130886,0.000000,0.0000
205.98,-0.035345,0.022438,0.008096,0.0000,0.127734,0.130886,0.000000,0.0000
211.30,-0.035345,0.022438,0.008096,0.0000,0.127734,0.130886,0.000000,0.0000
216.90,-0.035156,0.023006,0.008049,0.0000,0.144526,0.149214,0.000000,0.0000
222.29,-0.034983,0.023608,0.008018,0.0000,0.144526,0.149214,0.000000,0.0000
227.66,-0.034778,0.024279,0.007995,0.0000,0.144526,0.149214,0.000000,0.0000
233.02,-0.034778,0.024279,0.007995,0.0000,0.144526,0.149214,0.000000,0.0000
238.78,-0.034536,0.024870,0.007983,0.0000,0.160748,0.167395,0.000000,0.0000
244.13,-0.034228,0.025574,0.007924,0.0000,0.160748,0.167395,0.000000,0.0000
249.51,-0.034228,0.025574,0.007924,0.0000,0.160748,0.167395,0.000000,0.0000
254.86,-0.033912,0.026269,0.007881,0.0000,0.176336,0.185410,0.000000,0.0000
260.28,-0.033481,0.027042,0.007844,0.0000,0.176336,0.185410,0.000000,0.0000
265.61,-0.033481,0.027042,0.007844,0.0000,0.176336,0.185410,0.000000,0.0000
271.01,-0.033090,0.027838,0.007795,0.0000,0.176336,0.185410,0.000000,0.0000
276.41,-0.032641,0.028702,0.007755,0.0000,0.176336,0.185410,0.000000,0.0000
281.83,-0.032641,0.028702,0.007755,0.0000,0.176336,0.185410,0.000000,0.0000
287.13,-0.032142,0.029511,0.007721,0.0000,0.176336,0.185410,0.000000,0.0000
292.52,-0.031543,0.030445,0.007691,0.0000,0.176336,0.185410,0.000000,0.0000
297.92,-0.031543,0.030445,0.007691,0.0000,0.191227,0.203243,0.000000,0.0000
303.27,-0.030982,0.031399,0.007650,0.0000,0.191227,0.203243,0.000000,0.0000
308.62,-0.030982,0.031399,0.007650,0.0000,0.191227,0.203243,0.000000,0.0000
314.03,-0.030328,0.032415,0.007580,0.0000,0.191227,0.203243,0.000000,0.0000
319.38,-0.029594,0.033475,0.007557,0.0000,0.205364,0.220875,0.000000,0.0000
324.72,-0.029594,0.033475,0.007557,0.0000,0.205364,0.220875,0.000000,0.0000
330.13,-0.028804,0.034484,0.007484,0.0000,0.205364,0.220875,0.000000,0.0000
335.46,-0.027976,0.035643,0.007448,0.0000,0.205364,0.220875,0.000000,0.0000
340.90,-0.027976,0.035643,0.007448,0.0000,0.218691,0.238289,0.000000,0.0000
346.28,-0.027154,0.036859,0.007362,0.0000,0.218691,0.238289,0.000000,0.0000
351.64,-0.026171,0.038095,0.007286,0.0000,0.218691,0.238289,0.000000,0.0000
357.01,-0.026171,0.038095,0.007286,0.0000,0.231154,0.255468,0.000000,0.0000
362.52,-0.025123,0.039358,0.007239,0.0000,0.231154,0.255468,0.000000,0.0000
367.90,-0.024077,0.040693,0.007185,0.0000,0.231154,0.255468,0.000000,0.0000
373.24,-0.024077,0.040693,0.007185,0.0000,0.231154,0.255468,0.000000,0.0000
378.59,-0.022974,0.042198,0.007077,0.0000,0.231154,0.255468,0.000000,0.0000
383.92,-0.022974,0.042198,0.007077,0.0000,0.231154,0.255468,0.000000,0.0000
389.24,-0.021803,0.043653,0.007041,0.0000,0.231154,0.255468,0.000000,0.0000
394.78,-0.020494,0.045112,0.006973,0.0000,0.231154,0.255468,0.000000,0.0000
400.13,-0.020494,0.045112,0.006973,0.0000,0.242705,0.272394,0.000000,0.0000
405.46,-0.019198,0.046740,0.006885,0.0000,0.242705,0.272394,0.000000,0.0000
410.87,-0.017959,0.048345,0.006838,0.0000,0.242705,0.272394,0.000000,0.0000
416.19,-0.017959,0.048345,0.006838,0.0000,0.242705,0.272394,0.000000,0.0000
421.54,-0.016378,0.049995,0.006764,0.0000,0.253298,0.289052,0.000000,0.0000
426.97,-0.016378,0.049995,0.006764,0.0000,0.253298,0.289052,0.000000,0.0000
432.31,-0.014918,0.051774,0.006689,0.0000,0.253298,0.289052,0.000000,0.0000
437.63,-0.013332,0.053618,0.006661,0.0000,0.253298,0.289052,0.000000,0.0000
443.43,-0.011729,0.055419,0.006572,0.0000,0.262892,0.305425,0.000000,0.0000
448.87,-0.011729,0.055419,0.006572,0.0000,0.262892,0.305425,0.000000,0.0000
454.26,-0.010055,0.057375,0.006450,0.0000,0.262892,0.305425,0.000000,0.0000
459.61,-0.008310,0.059313,0.006373,0.0000,0.271448,0.321496,0.000000,0.0000
464.95,-0.008310,0.059313,0.006373,0.0000,0.271448,0.321496,0.000000,0.0000
470.76,-0.006461,0.061378,0.006286,0.0000,0.271448,0.321496,0.000000,0.0000
476.13,-0.004615,0.063476,0.006180,0.0000,0.271448,0.321496,0.000000,0.0000
481.52,-0.004615,0.063476,0.006180,0.0000,0.278933,0.337250,0.000000,0.0000
486.85,-0.002728,0.065585,0.006067,0.0000,0.278933,0.337250,0.000000,0.0000
492.22,-0.002728,0.065585,0.006067,0.0000,0.278933,0.337250,0.000000,0.0000
497.54,-0.000753,0.067742,0.006023,0.0000,0.278933,0.337250,0.000000,0.0000
502.98,0.001238,0.069985,0.005927,0.0000,0.278933,0.337250,0.000000,0.0000
508.38,0.001238,0.069985,0.005927,0.0000,0.278933,0.337250,0.000000,0.0000
513.76,0.003411,0.072193,0.005825,0.0000,0.278933,0.337250,0.000000,0.0000
519.14,0.005565,0.074552,0.005764,0.0000,0.278933,0.337250,0.000000,0.0000
524.49,0.005565,0.074552,0.005764,0.0000,0.285317,0.352671,0.000000,0.0000
529.89,0.007689,0.077011,0.005693,0.0000,0.285317,0.352671,0.000000,0.0000
535.26,0.009968,0.079415,0.005636,0.0000,0.285317,0.352671,0.000000,0.0000
540.64,0.009968,0.079415,0.005636,0.0000,0.285317,0.352671,0.000000,0.0000
545.74,0.012185,0.081962,0.005533,0.0000,0.290575,0.367744,0.000000,0.0000
551.17,0.014517,0.084452,0.005465,0.0000,0.290575,0.367744,0.000000,0.0000
556.54,0.014517,0.084452,0.005465,0.0000,0.290575,0.367744,0.000000,0.0000
561.90,0.016837,0.087095,0.005409,0.0000,0.294686,0.382454,0.000000,0.0000
567.19,0.016837,0.087095,0.005409,0.0000,0.294686,0.382454,0.000000,0.0000
572.61,0.019219,0.089632,0.005359,0.0000,0.294686,0.382454,0.000000,0.0000
577.96,0.021557,0.092439,0.005309,0.0000,0.294686,0.382454,0.000000,0.0000
583.40,0.021557,0.092439,0.005309,0.0000,0.297634,0.396787,0.000000,0.0000
588.80,0.024091,0.095095,0.005264,0.0000,0.297634,0.396787,0.000000,0.0000
594.14,0.026544,0.097928,0.005245,0.0000,0.297634,0.396787,0.000000,0.0000
599.48,0.026544,0.097928,0.005245,0.0000,0.297634,0.396787,0.000000,0.0000
604.83,0.029063,0.100626,0.005126,0.0000,0.297634,0.396787,0.000000,0.0000
610.41,0.031599,0.103483,0.005139,0.0000,0.297634,0.396787,0.000000,0.0000
615.74,0.031599,0.103483,0.005139,0.0000,0.297634,0.396787,0.000000,0.0000
621.20,0.034131,0.106274,0.005047,0.0000,0.297634,0.396787,0.000000,0.0000
626.60,0.034131,0.106274,0.005047,0.0000,0.299408,0.410728,0.000000,0.0000
631.94,0.036642,0.109176,0.005057,0.0000,0.299408,0.410728,0.000000,0.0000
637.62,0.039273,0.112078,0.004936,0.0000,0.299408,0.410728,0.000000,0.0000
643.07,0.041860,0.115015,0.004944,0.0000,0.299408,0.410728,0.000000,0.0000
648.11,0.041860,0.115015,0.004944,0.0000,0.300000,0.424264,0.000000,0.0000
653.45,0.044574,0.117924,0.004936,0.0000,0.300000,0.424264,0.000000,0.0000
658.79,0.044574,0.117924,0.004936,0.0000,0.300000,0.424264,0.000000,0.0000
664.12,0.047170,0.120944,0.004871,0.0000,0.300000,0.424264,0.000000,0.0000
669.95,0.049893,0.123953,0.004885,0.0000,0.299408,0.437381,0.000000,0.0000
675.30,0.049893,0.123953,0.004885,0.0000,0.299408,0.437381,0.000000,0.0000
680.68,0.052571,0.127115,0.004881,0.0000,0.299408,0.437381,0.000000,0.0000
686.06,0.055348,0.130167,0.004890,0.0000,0.297634,0.450067,0.000000,0.0000
691.36,0.055348,0.130167,0.004890,0.0000,0.297634,0.450067,0.000000,0.0000
696.68,0.057994,0.133300,0.004864,0.0000,0.297634,0.450067,0.000000,0.0000
702.19,0.060735,0.136379,0.004891,0.0000,0.297634,0.450067,0.000000,0.0000
707.53,0.060735,0.136379,0.004891,0.0000,0.294686,0.462308,0.000000,0.0000
712.91,0.063394,0.139598,0.004954,0.0000,0.294686,0.462308,0.000000,0.0000
718.27,0.066144,0.142727,0.004976,0.0000,0.294686,0.462308,0.000000,0.0000
723.61,0.066144,0.142727,0.004976,0.0000,0.294686,0.462308,0.000000,0.0000
729.10,0.068783,0.145896,0.004981,0.0000,0.294686,0.462308,0.000000,0.0000
734.45,0.071574,0.149038,0.005075,0.0000,0.294686,0.462308,0.000000,0.0000
739.80,0.071574,0.149038,0.005075,0.0000,0.294686,0.462308,0.000000,0.0000
745.13,0.074270,0.152248,0.005046,0.0000,0.294686,0.462308,0.000000,0.0000
750.49,0.074270,0.152248,0.005046,0.0000,0.290575,0.474093,0.000000,0.0000
755.82,0.077032,0.155365,0.005090,0.0000,0.290575,0.474093,0.000000,0.0000
761.38,0.079714,0.158572,0.005071,0.0000,0.290575,0.474093,0.000000,0.0000
766.76,0.079714,0.158572,0.005071,0.0000,0.290575,0.474093,0.000000,0.0000
772.33,0.082397,0.161853,0.005128,0.0000,0.285317,0.485410,0.000000,0.0000
777.66,0.085073,0.164934,0.005246,0.0000,0.285317,0.485410,0.000000,0.0000
783.09,0.085073,0.164934,0.005246,0.0000,0.285317,0.485410,0.000000,0.0000
788.56,0.087715,0.168148,0.005361,0.0000,0.278933,0.496248,0.000000,0.0000
793.94,0.090410,0.171384,0.005417,0.0000,0.278933,0.496248,0.000000,0.0000
799.24,0.090410,0.171384,0.005417,0.0000,0.278933,0.496248,0.000000,0.0000
804.61,0.093024,0.174718,0.005600,0.0000,0.278933,0.496248,0.000000,0.0000
809.98,0.095758,0.177836,0.005644,0.0000,0.271448,0.506597,0.000000,0.0000
815.30,0.095758,0.177836,0.005644,0.0000,0.271448,0.506597,0.000000,0.0000
820.79,0.098321,0.181049,0.005734,0.0000,0.271448,0.506597,0.000000,0.0000
826.11,0.098321,0.181049,0.005734,0.0000,0.271448,0.506597,0.000000,0.0000
831.77,0.101041,0.184247,0.005816,0.0000,0.271448,0.506597,0.000000,0.0000
837.18,0.103568,0.187497,0.005937,0.0000,0.271448,0.506597,0.000000,0.0000
842.51,0.103568,0.187497,0.005937,0.0000,0.271448,0.506597,0.000000,0.0000
847.82,0.106175,0.190582,0.006073,0.0000,0.271448,0.506597,0.000000,0.0000
853.30,0.108793,0.193798,0.006129,0.0000,0.262892,0.516445,0.000000,0.0000
858.66,0.108793,0.193798,0.006129,0.0000,0.262892,0.516445,0.000000,0.0000
864.00,0.111375,0.197036,0.006262,0.0000,0.262892,0.516445,0.000000,0.0000
869.31,0.113899,0.200156,0.006327,0.0000,0.262892,0.516445,0.000000,0.0000
875.30,0.113899,0.200156,0.006327,0.0000,0.253298,0.525784,0.000000,0.0000
880.67,0.116405,0.203334,0.006402,0.0000,0.253298,0.525784,0.000000,0.0000
886.04,0.118935,0.206432,0.006510,0.0000,0.253298,0.525784,0.000000,0.0000
891.37,0.118935,0.206432,0.006510,0.0000,0.242705,0.534604,0.000000,0.0000
896.69,0.121459,0.209632,0.006549,0.0000,0.242705,0.534604,0.000000,0.0000
902.03,0.123889,0.212717,0.006638,0.0000,0.242705,0.534604,0.000000,0.0000
907.33,0.123889,0.212717,0.006638,0.0000,0.242705,0.534604,0.000000,0.0000
912.72,0.126294,0.215856,0.006725,0.0000,0.231154,0.542896,0.000000,0.0000
918.07,0.128704,0.218932,0.006766,0.0000,0.231154,0.542896,0.000000,0.0000
923.36,0.128704,0.218932,0.006766,0.0000,0.231154,0.542896,0.000000,0.0000
928.69,0.131054,0.222136,0.006890,0.0000,0.231154,0.542896,0.000000,0.0000
934.04,0.131054,0.222136,0.006890,0.0000,0.218691,0.550653,0.000000,0.0000
939.40,0.133415,0.225213,0.006874,0.0000,0.218691,0.550653,0.000000,0.0000
945.09,0.135733,0.228275,0.006871,0.0000,0.218691,0.550653,0.000000,0.0000
950.46,0.135733,0.228275,0.006871,0.0000,0.218691,0.550653,0.000000,0.0000
955.81,0.138032,0.231261,0.006923,0.0000,0.218691,0.550653,0.000000,0.0000
961.12,0.140259,0.234270,0.006902,0.0000,0.218691,0.550653,0.000000,0.0000
966.44,0.140259,0.234270,0.006902,0.0000,0.218691,0.550653,0.000000,0.0000
972.11,0.142543,0.237414,0.006886,0.0000,0.218691,0.550653,0.000000,0.0000
978.00,0.144727,0.240514,0.006895,0.0000,0.205364,0.557866,0.000000,0.0000
983.36,0.144727,0.240514,0.006895,0.0000,0.205364,0.557866,0.000000,0.0000
988.77,0.146893,0.243566,0.006954,0.0000,0.205364,0.557866,0.000000,0.0000
994.13,0.149057,0.246537,0.006950,0.0000,0.191227,0.564528,0.000000,0.0000
999.46,0.149057,0.246537,0.006950,0.0000,0.191227,0.564528,0.000000,0.0000
1004.79,0.151090,0.249558,0.006992,0.0000,0.191227,0.564528,0.000000,0.0000
1010.13,0.153145,0.252518,0.006979,0.0000,0.191227,0.564528,0.000000,0.0000
1015.58,0.153145,0.252518,0.006979,0.0000,0.176336,0.570634,0.000000,0.0000
1020.94,0.155208,0.255542,0.006982,0.0000,0.176336,0.570634,0.000000,0.0000
1026.31,0.155208,0.255542,0.006982,0.0000,0.176336,0.570634,0.000000,0.0000
1031.67,0.157160,0.258483,0.007004,0.0000,0.176336,0.570634,0.000000,0.0000
1037.11,0.158994,0.261499,0.007036,0.0000,0.160748,0.576176,0.000000,0.0000
1042.50,0.158994,0.261499,0.007036,0.0000,0.160748,0.576176,0.000000,0.0000
1047.98,0.160856,0.264419,0.007039,0.0000,0.160748,0.576176,0.000000,0.0000
1053.36,0.162590,0.267378,0.006971,0.0000,0.160748,0.576176,0.000000,0.0000
1058.74,0.162590,0.267378,0.006971,0.0000,0.160748,0.576176,0.000000,0.0000
1064.10,0.164358,0.270331,0.006935,0.0000,0.160748,0.576176,0.000000,0.0000
1069.43,0.166060,0.273258,0.006924,0.0000,0.160748,0.576176,0.000000,0.0000
1074.75,0.166060,0.273258,0.006924,0.0000,0.160748,0.576176,0.000000,0.0000
1080.65,0.167700,0.276257,0.006895,0.0000,0.144526,0.581150,0.000000,0.0000
1086.04,0.169309,0.279154,0.006973,0.0000,0.144526,0.581150,0.000000,0.0000
1091.36,0.169309,0.279154,0.006973,0.0000,0.144526,0.581150,0.000000,0.0000
1096.69,0.170832,0.282037,0.006951,0.0000,0.127734,0.585550,0.000000,0.0000
1102.23,0.172340,0.284857,0.006901,0.0000,0.127734,0.585550,0.000000,0.0000
1107.56,0.172340,0.284857,0.006901,0.0000,0.127734,0.585550,0.000000,0.0000
1112.92,0.173691,0.287704,0.006906,0.0000,0.127734,0.585550,0.000000,0.0000
1118.27,0.175008,0.290621,0.006910,0.0000,0.110437,0.589372,0.000000,0.0000
1123.64,0.175008,0.290621,0.006910,0.0000,0.110437,0.589372,0.000000,0.0000
1129.03,0.176251,0.293424,0.006791,0.0000,0.110437,0.589372,0.000000,0.0000
1134.46,0.177410,0.296348,0.006789,0.0000,0.110437,0.589372,0.000000,0.0000
1139.99,0.177410,0.296348,0.006789,0.0000,0.092705,0.592613,0.000000,0.0000
1145.31,0.178591,0.299194,0.006724,0.0000,0.092705,0.592613,0.000000,0.0000
1150.65,0.178591,0.299194,0.006724,0.0000,0.092705,0.592613,0.000000,0.0000
1155.99,0.179647,0.301979,0.006802,0.0000,0.092705,0.592613,0.000000,0.0000
1161.67,0.180624,0.304796,0.006768,0.0000,0.074607,0.595269,0.000000,0.0000
1167.02,0.180624,0.304796,0.006768,0.0000,0.074607,0.595269,0.000000,0.0000
1172.67,0.181547,0.307630,0.006704,0.0000,0.074607,0.595269,0.000000,0.0000
1178.26,0.182403,0.310469,0.006741,0.0000,0.074607,0.595269,0.000000,0.0000
1183.64,0.182403,0.310469,0.006741,0.0000,0.074607,0.595269,0.000000,0.0000
1188.97,0.183104,0.313340,0.006644,0.0000,0.074607,0.595269,0.000000,0.0000
1194.30,0.183712,0.316123,0.006621,0.0000,0.074607,0.595269,0.000000,0.0000
1199.63,0.183712,0.316123,0.006621,0.0000,0.056214,0.597337,0.000000,0.0000
1205.02,0.184255,0.318921,0.006669,0.0000,0.056214,0.597337,0.000000,0.0000
1210.57,0.184713,0.321722,0.006595,0.0000,0.056214,0.597337,0.000000,0.0000
1215.90,0.184713,0.321722,0.006595,0.0000,0.056214,0.597337,0.000000,0.0000
1221.24,0.185143,0.324604,0.006574,0.0000,0.037600,0.598816,0.000000,0.0000
1226.59,0.185143,0.324604,0.006574,0.0000,0.037600,0.598816,0.000000,0.0000
1231.95,0.185451,0.327406,0.006516,0.0000,0.037600,0.598816,0.000000,0.0000
1237.30,0.185658,0.330145,0.006412,0.0000,0.037600,0.598816,0.000000,0.0000
1242.65,0.185658,0.330145,0.006412,0.0000,0.018837,0.599704,0.000000,0.0000
1247.96,0.185752,0.332975,0.006411,0.0000,0.018837,0.599704,0.000000,0.0000
1253.38,0.185855,0.335762,0.006351,0.0000,0.018837,0.599704,0.000000,0.0000
1258.70,0.185855,0.335762,0.006351,0.0000,0.018837,0.599704,0.000000,0.0000
1264.31,0.185744,0.338600,0.006284,0.0000,-0.000000,0.600000,0.000000,0.0000
1269.83,0.185537,0.341357,0.006237,0.0000,-0.000000,0.600000,0.000000,0.0000
1275.12,0.185537,0.341357,0.006237,0.0000,-0.000000,0.600000,0.000000,0.0000
1280.48,0.185298,0.344201,0.006176,0.0000,-0.000000,0.600000,0.000000,0.0000
1285.85,0.184934,0.347014,0.006134,0.0000,-0.000000,0.600000,0.000000,0.0000
1291.13,0.184934,0.347014,0.006134,0.0000,-0.000000,0.600000,0.000000,0.0000
1296.57,0.184407,0.349849,0.006133,0.0000,-0.000000,0.600000,0.000000,0.0000
1301.90,0.183914,0.352629,0.006033,0.0000,-0.018837,0.599704,0.000000,0.0000
1307.24,0.183914,0.352629,0.006033,0.0000,-0.018837,0.599704,0.000000,0.0000
1312.73,0.183261,0.355376,0.005935,0.0000,-0.018837,0.599704,0.000000,0.0000
1318.07,0.182520,0.358273,0.005978,0.0000,-0.018837,0.599704,0.000000,0.0000
1323.38,0.182520,0.358273,0.005978,0.0000,-0.037600,0.598816,0.000000,0.0000
1328.73,0.181656,0.361069,0.005884,0.0000,-0.037600,0.598816,0.000000,0.0000
1334.05,0.181656,0.361069,0.005884,0.0000,-0.037600,0.598816,0.000000,0.0000
1339.36,0.180712,0.363928,0.005802,0.0000,-0.037600,0.598816,0.000000,0.0000
1344.87,0.179597,0.366785,0.005782,0.0000,-0.056214,0.597337,0.000000,0.0000
1350.23,0.179597,0.366785,0.005782,0.0000,-0.056214,0.597337,0.000000,0.0000
1355.77,0.178475,0.369691,0.005725,0.0000,-0.056214,0.597337,0.000000,0.0000
1361.11,0.177245,0.372522,0.005628,0.0000,-0.056214,0.597337,0.000000,0.0000
1366.66,0.177245,0.372522,0.005628,0.0000,-0.074607,0.595269,0.000000,0.0000
1372.02,0.175931,0.375392,0.005570,0.0000,-0.074607,0.595269,0.000000,0.0000
1377.35,0.174430,0.378174,0.005510,0.0000,-0.074607,0.595269,0.000000,0.0000
1382.72,0.174430,0.378174,0.005510,0.0000,-0.074607,0.595269,0.000000,0.0000
1388.05,0.172916,0.381147,0.005462,0.0000,-0.074607,0.595269,0.000000,0.0000
1393.36,0.171246,0.383983,0.005404,0.0000,-0.074607,0.595269,0.000000,0.0000
1398.67,0.171246,0.383983,0.005404,0.0000,-0.074607,0.595269,0.000000,0.0000
1404.33,0.169555,0.386883,0.005357,0.0000,-0.092705,0.592613,0.000000,0.0000
1409.81,0.167667,0.389839,0.005305,0.0000,-0.092705,0.592613,0.000000,0.0000
1415.13,0.167667,0.389839,0.005305,0.0000,-0.092705,0.592613,0.000000,0.0000
1420.52,0.165727,0.392748,0.005288,0.0000,-0.092705,0.592613,0.000000,0.0000
1425.99,0.163671,0.395765,0.005238,0.0000,-0.110437,0.589372,0.000000,0.0000
1431.46,0.163671,0.395765,0.005238,0.0000,-0.110437,0.589372,0.000000,0.0000
1436.79,0.161660,0.398622,0.005178,0.0000,-0.110437,0.589372,0.000000,0.0000
1442.11,0.161660,0.398622,0.005178,0.0000,-0.110437,0.589372,0.000000,0.0000
1447.61,0.159413,0.401543,0.005143,0.0000,-0.127734,0.585550,0.000000,0.0000
1453.21,0.157169,0.404548,0.005110,0.0000,-0.127734,0.585550,0.000000,0.0000
1458.55,0.157169,0.404548,0.005110,0.0000,-0.127734,0.585550,0.000000,0.0000
1463.87,0.154723,0.407469,0.005189,0.0000,-0.127734,0.585550,0.000000,0.0000
1468.91,0.152239,0.410416,0.005126,0.0000,-0.144526,0.581150,0.000000,0.0000
1474.23,0.152239,0.410416,0.005126,0.0000,-0.144526,0.581150,0.000000,0.0000
1479.55,0.149649,0.413446,0.005180,0.0000,-0.144526,0.581150,0.000000,0.0000
1484.87,0.147101,0.416422,0.005213,0.0000,-0.144526,0.581150,0.000000,0.0000
1490.57,0.147101,0.416422,0.005213,0.0000,-0.160748,0.576176,0.000000,0.0000
1496.02,0.144330,0.419395,0.005277,0.0000,-0.160748,0.576176,0.000000,0.0000
1501.36,0.141526,0.422412,0.005363,0.0000,-0.160748,0.576176,0.000000,0.0000
1506.69,0.141526,0.422412,0.005363,0.0000,-0.160748,0.576176,0.000000,0.0000
1512.06,0.138659,0.425460,0.005421,0.0000,-0.160748,0.576176,0.000000,0.0000
1517.58,0.135697,0.428554,0.005492,0.0000,-0.160748,0.576176,0.000000,0.0000
1523.00,0.135697,0.428554,0.005492,0.0000,-0.160748,0.576176,0.000000,0.0000
1528.40,0.132724,0.431595,0.005626,0.0000,-0.176336,0.570634,0.000000,0.0000
1533.77,0.132724,0.431595,0.005626,0.0000,-0.176336,0.570634,0.000000,0.0000
1539.18,0.129676,0.434780,0.005706,0.0000,-0.176336,0.570634,0.000000,0.0000
1544.56,0.126604,0.437878,0.005905,0.0000,-0.176336,0.570634,0.000000,0.0000
1549.90,0.126604,0.437878,0.005905,0.0000,-0.191227,0.564528,0.000000,0.0000
1555.18,0.123415,0.441057,0.006011,0.0000,-0.191227,0.564528,0.000000,0.0000
1560.53,0.120244,0.444089,0.006115,0.0000,-0.191227,0.564528,0.000000,0.0000
1565.85,0.120244,0.444089,0.006115,0.0000,-0.191227,0.564528,0.000000,0.0000
1571.24,0.116957,0.447221,0.006250,0.0000,-0.205364,0.557866,0.000000,0.0000
1576.56,0.113738,0.450318,0.006346,0.0000,-0.205364,0.557866,0.000000,0.0000
1581.89,0.113738,0.450318,0.006346,0.0000,-0.205364,0.557866,0.000000,0.0000
1587.46,0.110393,0.453549,0.006507,0.0000,-0.205364,0.557866,0.000000,0.0000
1593.47,0.107005,0.456662,0.006620,0.0000,-0.218691,0.550653,0.000000,0.0000
1598.86,0.107005,0.456662,0.006620,0.0000,-0.218691,0.550653,0.000000,0.0000
1604.28,0.103619,0.459811,0.006749,0.0000,-0.218691,0.550653,0.000000,0.0000
1609.72,0.100154,0.463019,0.006912,0.0000,-0.218691,0.550653,0.000000,0.0000
1615.13,0.100154,0.463019,0.006912,0.0000,-0.218691,0.550653,0.000000,0.0000
1620.82,0.096691,0.466096,0.007003,0.0000,-0.218691,0.550653,0.000000,0.0000
1626.19,0.093150,0.469272,0.007211,0.0000,-0.218691,0.550653,0.000000,0.0000
1631.57,0.093150,0.469272,0.007211,0.0000,-0.231154,0.542896,0.000000,0.0000
1636.91,0.089672,0.472320,0.007374,0.0000,-0.231154,0.542896,0.000000,0.0000
1642.48,0.089672,0.472320,0.007374,0.0000,-0.231154,0.542896,0.000000,0.0000
1647.81,0.086154,0.475507,0.007585,0.0000,-0.231154,0.542896,0.000000,0.0000
1653.18,0.082565,0.478669,0.007686,0.0000,-0.242705,0.534604,0.000000,0.0000
1658.53,0.082565,0.478669,0.007686,0.0000,-0.242705,0.534604,0.000000,0.0000
1663.91,0.078975,0.481778,0.007852,0.0000,-0.242705,0.534604,0.000000,0.0000
1669.25,0.075365,0.484953,0.008028,0.0000,-0.242705,0.534604,0.000000,0.0000
1674.81,0.075365,0.484953,0.008028,0.0000,-0.253298,0.525784,0.000000,0.0000
1680.18,0.071843,0.487974,0.008151,0.0000,-0.253298,0.525784,0.000000,0.0000
1685.53,0.068185,0.491083,0.008340,0.0000,-0.253298,0.525784,0.000000,0.0000
1690.93,0.068185,0.491083,0.008340,0.0000,-0.262892,0.516445,0.000000,0.0000
1696.31,0.064535,0.494124,0.008450,0.0000,-0.262892,0.516445,0.000000,0.0000
1701.65,0.060950,0.497038,0.008624,0.0000,-0.262892,0.516445,0.000000,0.0000
1707.00,0.060950,0.497038,0.008624,0.0000,-0.262892,0.516445,0.000000,0.0000
1712.33,0.057287,0.500103,0.008717,0.0000,-0.271448,0.506597,0.000000,0.0000
1717.76,0.053683,0.503075,0.008905,0.0000,-0.271448,0.506597,0.000000,0.0000
1723.24,0.053683,0.503075,0.008905,0.0000,-0.271448,0.506597,0.000000,0.0000
1728.57,0.049974,0.506066,0.008936,0.0000,-0.271448,0.506597,0.000000,0.0000
1733.93,0.049974,0.506066,0.008936,0.0000,-0.271448,0.506597,0.000000,0.0000
1739.34,0.046465,0.508976,0.009096,0.0000,-0.271448,0.506597,0.000000,0.0000
1744.76,0.042841,0.511962,0.009092,0.0000,-0.271448,0.506597,0.000000,0.0000
1750.13,0.042841,0.511962,0.009092,0.0000,-0.271448,0.506597,0.000000,0.0000
1755.65,0.039313,0.514820,0.009267,0.0000,-0.278933,0.496248,0.000000,0.0000
1761.00,0.035640,0.517717,0.009296,0.0000,-0.278933,0.496248,0.000000,0.0000
1766.37,0.035640,0.517717,0.009296,0.0000,-0.278933,0.496248,0.000000,0.0000
1771.78,0.032132,0.520524,0.009415,0.0000,-0.278933,0.496248,0.000000,0.0000
1777.51,0.028591,0.523299,0.009429,0.0000,-0.285317,0.485410,0.000000,0.0000
1782.87,0.028591,0.523299,0.009429,0.0000,-0.285317,0.485410,0.000000,0.0000
1788.25,0.025104,0.525949,0.009503,0.0000,-0.285317,0.485410,0.000000,0.0000
1793.62,0.021567,0.528578,0.009573,0.0000,-0.290575,0.474093,0.000000,0.0000
1798.98,0.021567,0.528578,0.009573,0.0000,-0.290575,0.474093,0.000000,0.0000
1804.40,0.018095,0.531161,0.009643,0.0000,-0.290575,0.474093,0.000000,0.0000
1809.78,0.014555,0.533793,0.009670,0.0000,-0.290575,0.474093,0.000000,0.0000
1815.19,0.014555,0.533793,0.009670,0.0000,-0.294686,0.462308,0.000000,0.0000
1820.57,0.011210,0.536235,0.009713,0.0000,-0.294686,0.462308,0.000000,0.0000
1826.05,0.007717,0.538782,0.009714,0.0000,-0.294686,0.462308,0.000000,0.0000
1831.52,0.007717,0.538782,0.009714,0.0000,-0.294686,0.462308,0.000000,0.0000
1836.94,0.004412,0.541164,0.009695,0.0000,-0.294686,0.462308,0.000000,0.0000
1842.24,0.004412,0.541164,0.009695,0.0000,-0.294686,0.462308,0.000000,0.0000
1847.58,0.001063,0.543476,0.009630,0.0000,-0.294686,0.462308,0.000000,0.0000
1853.29,-0.002273,0.545746,0.009688,0.0000,-0.294686,0.462308,0.000000,0.0000
1858.71,-0.002273,0.545746,0.009688,0.0000,-0.297634,0.450067,0.000000,0.0000
1864.18,-0.005591,0.547924,0.009629,0.0000,-0.297634,0.450067,0.000000,0.0000
1869.87,-0.008888,0.550012,0.009629,0.0000,-0.297634,0.450067,0.000000,0.0000
1875.25,-0.008888,0.550012,0.009629,0.0000,-0.297634,0.450067,0.000000,0.0000
1880.95,-0.012133,0.552026,0.009585,0.0000,-0.299408,0.437381,0.000000,0.0000
1886.47,-0.015329,0.553988,0.009562,0.0000,-0.299408,0.437381,0.000000,0.0000
1891.81,-0.015329,0.553988,0.009562,0.0000,-0.299408,0.437381,0.000000,0.0000
1897.27,-0.018600,0.555871,0.009547,0.0000,-0.300000,0.424264,0.000000,0.0000
1902.60,-0.021728,0.557679,0.009542,0.0000,-0.300000,0.424264,0.000000,0.0000
1907.93,-0.021728,0.557679,0.009542,0.0000,-0.300000,0.424264,0.000000,0.0000
1913.57,-0.024896,0.559363,0.009538,0.0000,-0.300000,0.424264,0.000000,0.0000
1918.92,-0.028033,0.561085,0.009545,0.0000,-0.299408,0.410728,0.000000,0.0000
1924.24,-0.028033,0.561085,0.009545,0.0000,-0.299408,0.410728,0.000000,0.0000
1929.60,-0.031170,0.562660,0.009421,0.0000,-0.299408,0.410728,0.000000,0.0000
1935.04,-0.034164,0.564212,0.009263,0.0000,-0.299408,0.410728,0.000000,0.0000
1940.39,-0.034164,0.564212,0.009263,0.0000,-0.297634,0.396787,0.000000,0.0000
1945.92,-0.037186,0.565629,0.009059,0.0000,-0.297634,0.396787,0.000000,0.0000
1951.49,-0.040174,0.567022,0.008891,0.0000,-0.297634,0.396787,0.000000,0.0000
1956.90,-0.040174,0.567022,0.008891,0.0000,-0.297634,0.396787,0.000000,0.0000
1962.57,-0.043166,0.568236,0.008744,0.0000,-0.297634,0.396787,0.000000,0.0000
1967.89,-0.043166,0.568236,0.008744,0.0000,-0.297634,0.396787,0.000000,0.0000
1973.32,-0.046108,0.569403,0.008598,0.0000,-0.297634,0.396787,0.000000,0.0000
1978.76,-0.049023,0.570516,0.008402,0.0000,-0.297634,0.396787,0.000000,0.0000
1984.45,-0.049023,0.570516,0.008402,0.0000,-0.294686,0.382454,0.000000,0.0000
1990.09,-0.051968,0.571503,0.008298,0.0000,-0.294686,0.382454,0.000000,0.0000
1995.46,-0.054886,0.572349,0.008151,0.0000,-0.294686,0.382454,0.000000,0.0000
2000.93,-0.057746,0.573097,0.008015,0.0000,-0.290575,0.367744,0.000000,0.0000
2006.48,-0.057746,0.573097,0.008015,0.0000,-0.290575,0.367744,0.000000,0.0000
2011.85,-0.061194,0.573577,0.008134,0.0000,-0.290575,0.367744,0.000000,0.0000
2017.19,-0.061194,0.573577,0.008134,0.0000,-0.290575,0.367744,0.000000,0.0000
2022.71,-0.064039,0.574097,0.007972,0.0000,-0.285317,0.352671,0.000000,0.0000
2028.12,-0.066874,0.574582,0.007818,0.0000,-0.285317,0.352671,0.000000,0.0000
2033.46,-0.066874,0.574582,0.007818,0.0000,-0.285317,0.352671,0.000000,0.0000
2038.82,-0.069171,0.574935,0.007411,0.0000,-0.285317,0.352671,0.000000,0.0000
2044.13,-0.071811,0.575179,0.007201,0.0000,-0.278933,0.337250,0.000000,0.0000
2049.58,-0.071811,0.575179,0.007201,0.0000,-0.278933,0.337250,0.000000,0.0000
2055.29,-0.074545,0.575251,0.007028,0.0000,-0.278933,0.337250,0.000000,0.0000
2060.64,-0.077243,0.575336,0.006798,0.0000,-0.278933,0.337250,0.000000,0.0000
2065.98,-0.077243,0.575336,0.006798,0.0000,-0.271448,0.321496,0.000000,0.0000
2071.30,-0.079941,0.575329,0.006658,0.0000,-0.271448,0.321496,0.000000,0.0000
2076.62,-0.079941,0.575329,0.006658,0.0000,-0.271448,0.321496,0.000000,0.0000
2081.94,-0.082579,0.575031,0.006432,0.0000,-0.271448,0.321496,0.000000,0.0000
2087.85,-0.085276,0.574706,0.006298,0.0000,-0.271448,0.321496,0.000000,0.0000
2093.18,-0.087967,0.574200,0.006099,0.0000,-0.271448,0.321496,0.000000,0.0000
2098.56,-0.087967,0.574200,0.006099,0.0000,-0.271448,0.321496,0.000000,0.0000
2103.98,-0.090582,0.573679,0.005954,0.0000,-0.262892,0.305425,0.000000,0.0000
2109.38,-0.093310,0.573103,0.005778,0.0000,-0.262892,0.305425,0.000000,0.0000
2114.71,-0.093310,0.573103,0.005778,0.0000,-0.262892,0.305425,0.000000,0.0000
2120.06,-0.095865,0.572280,0.005650,0.0000,-0.262892,0.305425,0.000000,0.0000
2125.41,-0.095865,0.572280,0.005650,0.0000,-0.253298,0.289052,0.000000,0.0000
2130.75,-0.098513,0.571377,0.005558,0.0000,-0.253298,0.289052,0.000000,0.0000
2136.12,-0.101095,0.570456,0.005425,0.0000,-0.253298,0.289052,0.000000,0.0000
2141.57,-0.101095,0.570456,0.005425,0.0000,-0.253298,0.289052,0.000000,0.0000
2147.24,-0.103662,0.569346,0.005274,0.0000,-0.242705,0.272394,0.000000,0.0000
2152.65,-0.106239,0.568121,0.005163,0.0000,-0.242705,0.272394,0.000000,0.0000
2158.02,-0.106239,0.568121,0.005163,0.0000,-0.242705,0.272394,0.000000,0.0000
2163.37,-0.108851,0.566764,0.005054,0.0000,-0.242705,0.272394,0.000000,0.0000
2168.74,-0.111359,0.565315,0.005092,0.0000,-0.231154,0.255468,0.000000,0.0000
2174.18,-0.111359,0.565315,0.005092,0.0000,-0.231154,0.255468,0.000000,0.0000
2179.55,-0.113983,0.563770,0.005029,0.0000,-0.231154,0.255468,0.000000,0.0000
2184.90,-0.113983,0.563770,0.005029,0.0000,-0.231154,0.255468,0.000000,0.0000
2190.72,-0.116573,0.562145,0.004923,0.0000,-0.231154,0.255468,0.000000,0.0000
2196.09,-0.119118,0.560399,0.004897,0.0000,-0.231154,0.255468,0.000000,0.0000
2201.47,-0.121569,0.558542,0.004751,0.0000,-0.231154,0.255468,0.000000,0.0000
2206.92,-0.121569,0.558542,0.004751,0.0000,-0.218691,0.238289,0.000000,0.0000
2212.46,-0.123952,0.556654,0.004724,0.0000,-0.218691,0.238289,0.000000,0.0000
2217.79,-0.126417,0.554656,0.004701,0.0000,-0.218691,0.238289,0.000000,0.0000
2223.19,-0.126417,0.554656,0.004701,0.0000,-0.218691,0.238289,0.000000,0.0000
2228.57,-0.129037,0.552423,0.004806,0.0000,-0.205364,0.220875,0.000000,0.0000
2233.90,-0.129037,0.552423,0.004806,0.0000,-0.205364,0.220875,0.000000,0.0000
2239.30,-0.131676,0.550050,0.004796,0.0000,-0.205364,0.220875,0.000000,0.0000
2244.64,-0.134107,0.547680,0.004853,0.0000,-0.205364,0.220875,0.000000,0.0000
2250.04,-0.134107,0.547680,0.004853,0.0000,-0.191227,0.203243,0.000000,0.0000
2255.38,-0.136573,0.545270,0.004898,0.0000,-0.191227,0.203243,0.000000,0.0000
2260.73,-0.138960,0.542710,0.004939,0.0000,-0.191227,0.203243,0.000000,0.0000
2266.10,-0.138960,0.542710,0.004939,0.0000,-0.191227,0.203243,0.000000,0.0000
2271.48,-0.141363,0.540037,0.005039,0.0000,-0.176336,0.185410,0.000000,0.0000
2276.95,-0.141363,0.540037,0.005039,0.0000,-0.176336,0.185410,0.000000,0.0000
2282.31,-0.143866,0.537290,0.004989,0.0000,-0.176336,0.185410,0.000000,0.0000
2287.66,-0.146299,0.534505,0.005016,0.0000,-0.176336,0.185410,0.000000,0.0000
2293.58,-0.148701,0.531665,0.005012,0.0000,-0.160748,0.167395,0.000000,0.0000
2298.98,-0.148701,0.531665,0.005012,0.0000,-0.160748,0.167395,0.000000,0.0000
2304.35,-0.150992,0.528756,0.005138,0.0000,-0.160748,0.167395,0.000000,0.0000
2309.78,-0.153336,0.525744,0.005148,0.0000,-0.160748,0.167395,0.000000,0.0000
2315.13,-0.153336,0.525744,0.005148,0.0000,-0.160748,0.167395,0.000000,0.0000
2320.51,-0.155612,0.522585,0.005293,0.0000,-0.160748,0.167395,0.000000,0.0000
2326.06,-0.157873,0.519535,0.005388,0.0000,-0.160748,0.167395,0.000000,0.0000
2331.63,-0.157873,0.519535,0.005388,0.0000,-0.144526,0.149214,0.000000,0.0000
2336.98,-0.160007,0.516270,0.005492,0.0000,-0.144526,0.149214,0.000000,0.0000
2342.30,-0.160007,0.516270,0.005492,0.0000,-0.144526,0.149214,0.000000,0.0000
2347.71,-0.162171,0.512965,0.005586,0.0000,-0.144526,0.149214,0.000000,0.0000
2353.43,-0.164288,0.509617,0.005704,0.0000,-0.127734,0.130886,0.000000,0.0000
2358.76,-0.164288,0.509617,0.005704,0.0000,-0.127734,0.130886,0.000000,0.0000
2364.08,-0.166372,0.506186,0.005817,0.0000,-0.127734,0.130886,0.000000,0.0000
2369.41,-0.166372,0.506186,0.005817,0.0000,-0.127734,0.130886,0.000000,0.0000
2374.75,-0.168461,0.502641,0.005881,0.0000,-0.110437,0.112429,0.000000,0.0000
2380.07,-0.170376,0.499214,0.006040,0.0000,-0.110437,0.112429,0.000000,0.0000
2385.47,-0.172291,0.495633,0.006161,0.0000,-0.110437,0.112429,0.000000,0.0000
2390.79,-0.172291,0.495633,0.006161,0.0000,-0.110437,0.112429,0.000000,0.0000
2396.64,-0.174128,0.492017,0.006274,0.0000,-0.092705,0.093861,0.000000,0.0000
2402.18,-0.175895,0.488309,0.006440,0.0000,-0.092705,0.093861,0.000000,0.0000
2407.55,-0.175895,0.488309,0.006440,0.0000,-0.092705,0.093861,0.000000,0.0000
2412.88,-0.177733,0.484554,0.006506,0.0000,-0.092705,0.093861,0.000000,0.0000
2418.18,-0.179390,0.480731,0.006624,0.0000,-0.092705,0.093861,0.000000,0.0000
2423.50,-0.179390,0.480731,0.006624,0.0000,-0.092705,0.093861,0.000000,0.0000
2428.82,-0.180977,0.477002,0.006756,0.0000,-0.092705,0.093861,0.000000,0.0000
2434.18,-0.180977,0.477002,0.006756,0.0000,-0.074607,0.075200,0.000000,0.0000
2439.72,-0.182513,0.473163,0.006826,0.0000,-0.074607,0.075200,0.000000,0.0000
2445.19,-0.184022,0.469335,0.006981,0.0000,-0.074607,0.075200,0.000000,0.0000
2450.52,-0.184022,0.469335,0.006981,0.0000,-0.074607,0.075200,0.000000,0.0000
2455.90,-0.185394,0.465497,0.007124,0.0000,-0.056214,0.056465,0.000000,0.0000
2461.19,-0.186816,0.461636,0.007208,0.0000,-0.056214,0.056465,0.000000,0.0000
2466.50,-0.186816,0.461636,0.007208,0.0000,-0.056214,0.056465,0.000000,0.0000
2471.82,-0.188072,0.457729,0.007295,0.0000,-0.056214,0.056465,0.000000,0.0000
2477.13,-0.188072,0.457729,0.007295,0.0000,-0.037600,0.037674,0.000000,0.0000
2482.45,-0.189230,0.453766,0.007415,0.0000,-0.037600,0.037674,0.000000,0.0000
2487.79,-0.190342,0.449835,0.007468,0.0000,-0.037600,0.037674,0.000000,0.0000
2493.13,-0.191363,0.445819,0.007560,0.0000,-0.037600,0.037674,0.000000,0.0000
2499.11,-0.191363,0.445819,0.007560,0.0000,-0.018837,0.018846,0.000000,0.0000
2504.44,-0.192300,0.441918,0.007657,0.0000,-0.018837,0.018846,0.000000,0.0000
2509.77,-0.193062,0.438001,0.007775,0.0000,-0.018837,0.018846,0.000000,0.0000
2515.10,-0.193062,0.438001,0.007775,0.0000,0.000000,-0.000000,0.000000,0.0000
2520.43,-0.193853,0.433968,0.007839,0.0000,0.000000,-0.000000,0.000000,0.0000
2525.75,-0.193853,0.433968,0.007839,0.0000,0.000000,-0.000000,0.000000,0.0000
2531.07,-0.194489,0.429987,0.007946,0.0000,0.000000,-0.000000,0.000000,0.0000
2536.39,-0.195153,0.425971,0.007996,0.0000,0.000000,-0.000000,0.000000,0.0000
2541.70,-0.195153,0.425971,0.007996,0.0000,0.000000,-0.000000,0.000000,0.0000
2547.02,-0.195554,0.422006,0.008113,0.0000,0.000000,-0.000000,0.000000,0.0000
2552.39,-0.195961,0.418036,0.008189,0.0000,0.000000,-0.000000,0.000000,0.0000
2557.75,-0.195961,0.418036,0.008189,0.0000,0.018837,-0.018846,0.000000,0.0000
2563.09,-0.196209,0.414039,0.008224,0.0000,0.018837,-0.018846,0.000000,0.0000
2568.36,-0.196383,0.410120,0.008289,0.0000,0.018837,-0.018846,0.000000,0.0000
2573.70,-0.196383,0.410120,0.008289,0.0000,0.018837,-0.018846,0.000000,0.0000
2579.08,-0.196566,0.406170,0.008286,0.0000,0.037600,-0.037674,0.000000,0.0000
2584.36,-0.196566,0.406170,0.008286,0.0000,0.037600,-0.037674,0.000000,0.0000
2589.69,-0.196547,0.402263,0.008283,0.0000,0.037600,-0.037674,0.000000,0.0000
2595.19,-0.196398,0.398389,0.008318,0.0000,0.037600,-0.037674,0.000000,0.0000
2600.94,-0.196398,0.398389,0.008318,0.0000,0.056214,-0.056465,0.000000,0.0000
2606.24,-0.196235,0.394447,0.008314,0.0000,0.056214,-0.056465,0.000000,0.0000
2611.61,-0.195874,0.390607,0.008253,0.0000,0.056214,-0.056465,0.000000,0.0000
2616.94,-0.195874,0.390607,0.008253,0.0000,0.074607,-0.075200,0.000000,0.0000
2622.24,-0.195497,0.386690,0.008264,0.0000,0.074607,-0.075200,0.000000,0.0000
2627.57,-0.195004,0.382860,0.008170,0.0000,0.074607,-0.075200,0.000000,0.0000
2632.89,-0.195004,0.382860,0.008170,0.0000,0.074607,-0.075200,0.000000,0.0000
2638.18,-0.194363,0.379112,0.008185,0.0000,0.074607,-0.075200,0.000000,0.0000
2643.48,-0.193672,0.375366,0.008180,0.0000,0.074607,-0.075200,0.000000,0.0000
2648.84,-0.193672,0.375366,0.008180,0.0000,0.074607,-0.075200,0.000000,0.0000
2654.19,-0.192886,0.371546,0.008052,0.0000,0.074607,-0.075200,0.000000,0.0000
2659.56,-0.191977,0.367771,0.008058,0.0000,0.092705,-0.093861,0.000000,0.0000
2665.00,-0.191977,0.367771,0.008058,0.0000,0.092705,-0.093861,0.000000,0.0000
2670.51,-0.190988,0.364153,0.008025,0.0000,0.092705,-0.093861,0.000000,0.0000
2675.87,-0.190988,0.364153,0.008025,0.0000,0.092705,-0.093861,0.000000,0.0000
2681.31,-0.189871,0.360554,0.008016,0.0000,0.110437,-0.112429,0.000000,0.0000
2686.76,-0.188677,0.356903,0.007971,0.0000,0.110437,-0.112429,0.000000,0.0000
2692.12,-0.188677,0.356903,0.007971,0.0000,0.110437,-0.112429,0.000000,0.0000
2697.47,-0.187402,0.353356,0.007957,0.0000,0.110437,-0.112429,0.000000,0.0000
2703.18,-0.186017,0.349736,0.007868,0.0000,0.127734,-0.130886,0.000000,0.0000
2708.53,-0.186017,0.349736,0.007868,0.0000,0.127734,-0.130886,0.000000,0.0000
2713.88,-0.184571,0.346212,0.007751,0.0000,0.127734,-0.130886,0.000000,0.0000
2719.33,-0.182990,0.342780,0.007691,0.0000,0.144526,-0.149214,0.000000,0.0000
2724.79,-0.182990,0.342780,0.007691,0.0000,0.144526,-0.149214,0.000000,0.0000
2730.24,-0.181401,0.339318,0.007650,0.0000,0.144526,-0.149214,0.000000,0.0000
2735.58,-0.179657,0.335964,0.007525,0.0000,0.144526,-0.149214,0.000000,0.0000
2740.97,-0.179657,0.335964,0.007525,0.0000,0.160748,-0.167395,0.000000,0.0000
2746.43,-0.177878,0.332545,0.007442,0.0000,0.160748,-0.167395,0.000000,0.0000
2751.77,-0.175990,0.329333,0.007399,0.0000,0.160748,-0.167395,0.000000,0.0000
2757.20,-0.175990,0.329333,0.007399,0.0000,0.160748,-0.167395,0.000000,0.0000
2762.69,-0.174011,0.326039,0.007340,0.0000,0.160748,-0.167395,0.000000,0.0000
2768.05,-0.171970,0.322812,0.007295,0.0000,0.160748,-0.167395,0.000000,0.0000
2773.54,-0.171970,0.322812,0.007295,0.0000,0.160748,-0.167395,0.000000,0.0000
2778.98,-0.169772,0.319557,0.007226,0.0000,0.160748,-0.167395,0.000000,0.0000
2784.34,-0.169772,0.319557,0.007226,0.0000,0.176336,-0.185410,0.000000,0.0000
2789.75,-0.167636,0.316374,0.007200,0.0000,0.176336,-0.185410,0.000000,0.0000
2795.24,-0.165408,0.313253,0.007109,0.0000,0.176336,-0.185410,0.000000,0.0000
2800.57,-0.165408,0.313253,0.007109,0.0000,0.176336,-0.185410,0.000000,0.0000
2805.63,-0.163059,0.310146,0.007080,0.0000,0.191227,-0.203243,0.000000,0.0000
2810.96,-0.160708,0.307093,0.006971,0.0000,0.191227,-0.203243,0.000000,0.0000
2816.30,-0.160708,0.307093,0.006971,0.0000,0.191227,-0.203243,0.000000,0.0000
2821.63,-0.158219,0.304030,0.006943,0.0000,0.191227,-0.203243,0.000000,0.0000
2827.16,-0.155671,0.301066,0.006934,0.0000,0.205364,-0.220875,0.000000,0.0000
2832.49,-0.155671,0.301066,0.006934,0.0000,0.205364,-0.220875,0.000000,0.0000
2837.81,-0.153068,0.298097,0.006893,0.0000,0.205364,-0.220875,0.000000,0.0000
2843.20,-0.150513,0.295207,0.006850,0.0000,0.218691,-0.238289,0.000000,0.0000
2848.54,-0.150513,0.295207,0.006850,0.0000,0.218691,-0.238289,0.000000,0.0000
2853.96,-0.147868,0.292288,0.006813,0.0000,0.218691,-0.238289,0.000000,0.0000
2859.38,-0.145153,0.289490,0.006754,0.0000,0.218691,-0.238289,0.000000,0.0000
2864.76,-0.145153,0.289490,0.006754,0.0000,0.218691,-0.238289,0.000000,0.0000
2870.10,-0.142352,0.286608,0.006720,0.0000,0.218691,-0.238289,0.000000,0.0000
2875.52,-0.142352,0.286608,0.006720,0.0000,0.218691,-0.238289,0.000000,0.0000
2880.85,-0.139549,0.283823,0.006668,0.0000,0.218691,-0.238289,0.000000,0.0000
2886.19,-0.136679,0.281019,0.006646,0.0000,0.231154,-0.255468,0.000000,0.0000
2891.52,-0.136679,0.281019,0.006646,0.0000,0.231154,-0.255468,0.000000,0.0000
2896.85,-0.133800,0.278381,0.006699,0.0000,0.231154,-0.255468,0.000000,0.0000
2902.25,-0.130836,0.275648,0.006704,0.0000,0.231154,-0.255468,0.000000,0.0000
2907.62,-0.130836,0.275648,0.006704,0.0000,0.242705,-0.272394,0.000000,0.0000
2912.95,-0.127856,0.273003,0.006670,0.0000,0.242705,-0.272394,0.000000,0.0000
2918.30,-0.124821,0.270290,0.006765,0.0000,0.242705,-0.272394,0.000000,0.0000
2923.63,-0.124821,0.270290,0.006765,0.0000,0.242705,-0.272394,0.000000,0.0000
2929.19,-0.121798,0.267692,0.006702,0.0000,0.253298,-0.289052,0.000000,0.0000
2934.51,-0.118745,0.265059,0.006735,0.0000,0.253298,-0.289052,0.000000,0.0000
2939.85,-0.118745,0.265059,0.006735,0.0000,0.253298,-0.289052,0.000000,0.0000
2945.28,-0.115721,0.262469,0.006814,0.0000,0.262892,-0.305425,0.000000,0.0000
2950.62,-0.115721,0.262469,0.006814,0.0000,0.262892,-0.305425,0.000000,0.0000
2955.96,-0.112626,0.259870,0.006756,0.0000,0.262892,-0.305425,0.000000,0.0000
2961.24,-0.109500,0.257308,0.006842,0.0000,0.262892,-0.305425,0.000000,0.0000
2966.61,-0.109500,0.257308,0.006842,0.0000,0.262892,-0.305425,0.000000,0.0000
2971.93,-0.106380,0.254801,0.006764,0.0000,0.262892,-0.305425,0.000000,0.0000
2977.33,-0.103185,0.252233,0.006810,0.0000,0.262892,-0.305425,0.000000,0.0000
2982.72,-0.103185,0.252233,0.006810,0.0000,0.262892,-0.305425,0.000000,0.0000
2988.07,-0.100058,0.249748,0.006726,0.0000,0.271448,-0.321496,0.000000,0.0000
2993.36,-0.096857,0.247227,0.006803,0.0000,0.271448,-0.321496,0.000000,0.0000
2998.69,-0.096857,0.247227,0.006803,0.0000,0.271448,-0.321496,0.000000,0.0000
3004.01,-0.093689,0.244718,0.006748,0.0000,0.271448,-0.321496,0.000000,0.0000
3009.59,-0.090471,0.242170,0.006705,0.0000,0.278933,-0.337250,0.000000,0.0000
3015.09,-0.090471,0.242170,0.006705,0.0000,0.278933,-0.337250,0.000000,0.0000
3020.47,-0.087300,0.239684,0.006781,0.0000,0.278933,-0.337250,0.000000,0.0000
3025.97,-0.084153,0.237207,0.006740,0.0000,0.278933,-0.337250,0.000000,0.0000
3031.56,-0.084153,0.237207,0.006740,0.0000,0.285317,-0.352671,0.000000,0.0000
3036.92,-0.080952,0.234752,0.006799,0.0000,0.285317,-0.352671,0.000000,0.0000
3042.24,-0.080952,0.234752,0.006799,0.0000,0.285317,-0.352671,0.000000,0.0000
3047.61,-0.077856,0.232325,0.006772,0.0000,0.290575,-0.367744,0.000000,0.0000
3053.12,-0.074646,0.229926,0.006802,0.0000,0.290575,-0.367744,0.000000,0.0000
3058.45,-0.074646,0.229926,0.006802,0.0000,0.290575,-0.367744,0.000000,0.0000
3063.79,-0.071495,0.227450,0.006770,0.0000,0.290575,-0.367744,0.000000,0.0000
3069.12,-0.068325,0.225003,0.006725,0.0000,0.294686,-0.382454,0.000000,0.0000
3074.54,-0.068325,0.225003,0.006725,0.0000,0.294686,-0.382454,0.000000,0.0000
3080.00,-0.065218,0.222579,0.006734,0.0000,0.294686,-0.382454,0.000000,0.0000
3085.67,-0.062080,0.220188,0.006667,0.0000,0.294686,-0.382454,0.000000,0.0000
3091.02,-0.062080,0.220188,0.006667,0.0000,0.294686,-0.382454,0.000000,0.0000
3096.30,-0.058977,0.217773,0.006735,0.0000,0.294686,-0.382454,0.000000,0.0000
3101.65,-0.055954,0.215419,0.006697,0.0000,0.294686,-0.382454,0.000000,0.0000
3106.97,-0.055954,0.215419,0.006697,0.0000,0.294686,-0.382454,0.000000,0.0000
3112.30,-0.052867,0.213013,0.006682,0.0000,0.297634,-0.396787,0.000000,0.0000
3117.78,-0.049840,0.210564,0.006676,0.0000,0.297634,-0.396787,0.000000,0.0000
3123.18,-0.049840,0.210564,0.006676,0.0000,0.297634,-0.396787,0.000000,0.0000
3128.51,-0.046859,0.208176,0.006614,0.0000,0.297634,-0.396787,0.000000,0.0000
3133.56,-0.046859,0.208176,0.006614,0.0000,0.299408,-0.410728,0.000000,0.0000
3138.88,-0.043864,0.205722,0.006622,0.0000,0.299408,-0.410728,0.000000,0.0000
3144.19,-0.040963,0.203360,0.006620,0.0000,0.299408,-0.410728,0.000000,0.0000
3149.53,-0.040963,0.203360,0.006620,0.0000,0.299408,-0.410728,0.000000,0.0000
3155.49,-0.038053,0.200965,0.006554,0.0000,0.300000,-0.424264,0.000000,0.0000
3160.86,-0.035149,0.198513,0.006548,0.0000,0.300000,-0.424264,0.000000,0.0000
3166.24,-0.035149,0.198513,0.006548,0.0000,0.300000,-0.424264,0.000000,0.0000
3171.68,-0.032308,0.196166,0.006520,0.0000,0.299408,-0.437381,0.000000,0.0000
3177.13,-0.029528,0.193766,0.006477,0.0000,0.299408,-0.437381,0.000000,0.0000
3182.48,-0.029528,0.193766,0.006477,0.0000,0.299408,-0.437381,0.000000,0.0000
3187.86,-0.026754,0.191369,0.006501,0.0000,0.299408,-0.437381,0.000000,0.0000
3193.25,-0.024061,0.188999,0.006473,0.0000,0.297634,-0.450067,0.000000,0.0000
3198.59,-0.024061,0.188999,0.006473,0.0000,0.297634,-0.450067,0.000000,0.0000
3204.08,-0.021350,0.186605,0.006463,0.0000,0.297634,-0.450067,0.000000,0.0000
3209.52,-0.018703,0.184180,0.006490,0.0000,0.297634,-0.450067,0.000000,0.0000
3214.97,-0.018703,0.184180,0.006490,0.0000,0.297634,-0.450067,0.000000,0.0000
3220.33,-0.016028,0.181723,0.006444,0.0000,0.297634,-0.450067,0.000000,0.0000
3225.66,-0.016028,0.181723,0.006444,0.0000,0.297634,-0.450067,0.000000,0.0000
3230.98,-0.013431,0.179254,0.006451,0.0000,0.297634,-0.450067,0.000000,0.0000
3236.44,-0.010811,0.176854,0.006498,0.0000,0.294686,-0.462308,0.000000,0.0000
3241.87,-0.010811,0.176854,0.006498,0.0000,0.294686,-0.462308,0.000000,0.0000
3247.24,-0.008302,0.174421,0.006431,0.0000,0.294686,-0.462308,0.000000,0.0000
3252.60,-0.005857,0.172025,0.006471,0.0000,0.294686,-0.462308,0.000000,0.0000
3258.63,-0.005857,0.172025,0.006471,0.0000,0.290575,-0.474093,0.000000,0.0000
3263.97,-0.003416,0.169614,0.006477,0.0000,0.290575,-0.474093,0.000000,0.0000
3269.31,-0.001068,0.167211,0.006356,0.0000,0.290575,-0.474093,0.000000,0.0000
3274.65,-0.001068,0.167211,0.006356,0.0000,0.285317,-0.485410,0.000000,0.0000
3280.04,0.001258,0.164763,0.006381,0.0000,0.285317,-0.485410,0.000000,0.0000
3285.46,0.003644,0.162369,0.006378,0.0000,0.285317,-0.485410,0.000000,0.0000
3290.82,0.003644,0.162369,0.006378,0.0000,0.285317,-0.485410,0.000000,0.0000
3296.20,0.005846,0.159907,0.006352,0.0000,0.278933,-0.496248,0.000000,0.0000
3301.53,0.008124,0.157449,0.006325,0.0000,0.278933,-0.496248,0.000000,0.0000
3306.86,0.008124,0.157449,0.006325,0.0000,0.278933,-0.496248,0.000000,0.0000
3312.18,0.010276,0.154969,0.006333,0.0000,0.278933,-0.496248,0.000000,0.0000
3317.68,0.012460,0.152528,0.006289,0.0000,0.278933,-0.496248,0.000000,0.0000
3323.12,0.012460,0.152528,0.006289,0.0000,0.278933,-0.496248,0.000000,0.0000
3328.55,0.014553,0.149994,0.006287,0.0000,0.278933,-0.496248,0.000000,0.0000
3333.92,0.014553,0.149994,0.006287,0.0000,0.278933,-0.496248,0.000000,0.0000
3339.42,0.016640,0.147548,0.006279,0.0000,0.271448,-0.506597,0.000000,0.0000
3344.77,0.018685,0.145047,0.006255,0.0000,0.271448,-0.506597,0.000000,0.0000
3350.22,0.018685,0.145047,0.006255,0.0000,0.271448,-0.506597,0.000000,0.0000
3355.56,0.020734,0.142573,0.006182,0.0000,0.271448,-0.506597,0.000000,0.0000
3361.61,0.022693,0.140006,0.006126,0.0000,0.262892,-0.516445,0.000000,0.0000
3367.23,0.022693,0.140006,0.006126,0.0000,0.262892,-0.516445,0.000000,0.0000
3372.73,0.024655,0.137555,0.006069,0.0000,0.262892,-0.516445,0.000000,0.0000
3378.33,0.026549,0.134987,0.006064,0.0000,0.253298,-0.525784,0.000000,0.0000
3383.83,0.026549,0.134987,0.006064,0.0000,0.253298,-0.525784,0.000000,0.0000
3389.19,0.028436,0.132521,0.006015,0.0000,0.253298,-0.525784,0.000000,0.0000
3394.55,0.030315,0.129914,0.005994,0.0000,0.253298,-0.525784,0.000000,0.0000
3399.97,0.030315,0.129914,0.005994,0.0000,0.242705,-0.534604,0.000000,0.0000
3405.45,0.032128,0.127344,0.005908,0.0000,0.242705,-0.534604,0.000000,0.0000
3410.85,0.033970,0.124703,0.005869,0.0000,0.242705,-0.534604,0.000000,0.0000
3416.20,0.033970,0.124703,0.005869,0.0000,0.242705,-0.534604,0.000000,0.0000
3421.65,0.035747,0.122120,0.005823,0.0000,0.231154,-0.542896,0.000000,0.0000
3427.13,0.037445,0.119537,0.005854,0.0000,0.231154,-0.542896,0.000000,0.0000
3432.52,0.037445,0.119537,0.005854,0.0000,0.231154,-0.542896,0.000000,0.0000
3437.91,0.039187,0.116988,0.005836,0.0000,0.231154,-0.542896,0.000000,0.0000
3443.52,0.040888,0.114329,0.005826,0.0000,0.231154,-0.542896,0.000000,0.0000
3448.93,0.040888,0.114329,0.005826,0.0000,0.231154,-0.542896,0.000000,0.0000
3454.36,0.042574,0.111691,0.005750,0.0000,0.231154,-0.542896,0.000000,0.0000
3459.78,0.044279,0.109111,0.005705,0.0000,0.218691,-0.550653,0.000000,0.0000
3465.13,0.044279,0.109111,0.005705,0.0000,0.218691,-0.550653,0.000000,0.0000
3470.50,0.045929,0.106458,0.005683,0.0000,0.218691,-0.550653,0.000000,0.0000
3476.10,0.047531,0.103786,0.005675,0.0000,0.218691,-0.550653,0.000000,0.0000
3481.47,0.047531,0.103786,0.005675,0.0000,0.205364,-0.557866,0.000000,0.0000
3486.86,0.049236,0.101111,0.005649,0.0000,0.205364,-0.557866,0.000000,0.0000
3492.33,0.049236,0.101111,0.005649,0.0000,0.205364,-0.557866,0.000000,0.0000
3497.87,0.050845,0.098427,0.005620,0.0000,0.205364,-0.557866,0.000000,0.0000
3503.33,0.052418,0.095728,0.005608,0.0000,0.191227,-0.564528,0.000000,0.0000
3508.72,0.052418,0.095728,0.005608,0.0000,0.191227,-0.564528,0.000000,0.0000
3514.13,0.053969,0.093112,0.005567,0.0000,0.191227,-0.564528,0.000000,0.0000
3519.50,0.055580,0.090396,0.005571,0.0000,0.191227,-0.564528,0.000000,0.0000
3524.91,0.055580,0.090396,0.005571,0.0000,0.176336,-0.570634,0.000000,0.0000
3530.64,0.057224,0.087664,0.005497,0.0000,0.176336,-0.570634,0.000000,0.0000
3536.24,0.058783,0.084900,0.005544,0.0000,0.176336,-0.570634,0.000000,0.0000
3541.66,0.058783,0.084900,0.005544,0.0000,0.176336,-0.570634,0.000000,0.0000
3546.68,0.060341,0.082210,0.005533,0.0000,0.176336,-0.570634,0.000000,0.0000
3552.11,0.061840,0.079418,0.005500,0.0000,0.176336,-0.570634,0.000000,0.0000
3557.53,0.061840,0.079418,0.005500,0.0000,0.176336,-0.570634,0.000000,0.0000
3562.95,0.063408,0.076673,0.005521,0.0000,0.160748,-0.576176,0.000000,0.0000
3568.30,0.064990,0.073881,0.005532,0.0000,0.160748,-0.576176,0.000000,0.0000
3573.65,0.064990,0.073881,0.005532,0.0000,0.160748,-0.576176,0.000000,0.0000
3579.44,0.066501,0.071008,0.005496,0.0000,0.160748,-0.576176,0.000000,0.0000
3584.81,0.066501,0.071008,0.005496,0.0000,0.144526,-0.581150,0.000000,0.0000
3590.26,0.067984,0.068273,0.005492,0.0000,0.144526,-0.581150,0.000000,0.0000
3595.66,0.069509,0.065526,0.005565,0.0000,0.144526,-0.581150,0.000000,0.0000
3601.05,0.069509,0.065526,0.005565,0.0000,0.144526,-0.581150,0.000000,0.0000
3606.63,0.071008,0.062593,0.005540,0.0000,0.127734,-0.585550,0.000000,0.0000
3611.99,0.072546,0.059736,0.005555,0.0000,0.127734,-0.585550,0.000000,0.0000
3617.32,0.072546,0.059736,0.005555,0.0000,0.127734,-0.585550,0.000000,0.0000
3622.70,0.074008,0.056962,0.005544,0.0000,0.127734,-0.585550,0.000000,0.0000
3628.35,0.075383,0.054081,0.005572,0.0000,0.110437,-0.589372,0.000000,0.0000
3633.68,0.075383,0.054081,0.005572,0.0000,0.110437,-0.589372,0.000000,0.0000
3639.01,0.076853,0.051249,0.005650,0.0000,0.110437,-0.589372,0.000000,0.0000
3644.40,0.078308,0.048340,0.005686,0.0000,0.110437,-0.589372,0.000000,0.0000
3650.42,0.078308,0.048340,0.005686,0.0000,0.092705,-0.592613,0.000000,0.0000
3655.76,0.079679,0.045543,0.005810,0.0000,0.092705,-0.592613,0.000000,0.0000
3661.16,0.081058,0.042679,0.005781,0.0000,0.092705,-0.592613,0.000000,0.0000
3666.56,0.081058,0.042679,0.005781,0.0000,0.092705,-0.592613,0.000000,0.0000
3671.93,0.082432,0.039729,0.005817,0.0000,0.092705,-0.592613,0.000000,0.0000
3677.25,0.083853,0.036819,0.005915,0.0000,0.092705,-0.592613,0.000000,0.0000
3682.62,0.083853,0.036819,0.005915,0.0000,0.092705,-0.592613,0.000000,0.0000
3688.01,0.085134,0.033981,0.006008,0.0000,0.074607,-0.595269,0.000000,0.0000
3693.44,0.085134,0.033981,0.006008,0.0000,0.074607,-0.595269,0.000000,0.0000
3698.82,0.086409,0.031041,0.006035,0.0000,0.074607,-0.595269,0.000000,0.0000
3704.18,0.087682,0.028251,0.006172,0.0000,0.074607,-0.595269,0.000000,0.0000
3709.53,0.088893,0.025325,0.006231,0.0000,0.056214,-0.597337,0.000000,0.0000
3714.85,0.088893,0.025325,0.006231,0.0000,0.056214,-0.597337,0.000000,0.0000
3720.18,0.090034,0.022452,0.006234,0.0000,0.056214,-0.597337,0.000000,0.0000
3725.52,0.090034,0.022452,0.006234,0.0000,0.056214,-0.597337,0.000000,0.0000
3730.93,0.091193,0.019532,0.006252,0.0000,0.037600,-0.598816,0.000000,0.0000
3736.24,0.092321,0.016589,0.006390,0.0000,0.037600,-0.598816,0.000000,0.0000
3741.64,0.092321,0.016589,0.006390,0.0000,0.037600,-0.598816,0.000000,0.0000
3747.13,0.093428,0.013613,0.006419,0.0000,0.037600,-0.598816,0.000000,0.0000
3753.10,0.094522,0.010618,0.006378,0.0000,0.018837,-0.599704,0.000000,0.0000
3758.42,0.094522,0.010618,0.006378,0.0000,0.018837,-0.599704,0.000000,0.0000
3763.73,0.095476,0.007866,0.006594,0.0000,0.018837,-0.599704,0.000000,0.0000
3769.06,0.096310,0.004916,0.006619,0.0000,0.018837,-0.599704,0.000000,0.0000
3774.43,0.096310,0.004916,0.006619,0.0000,0.018837,-0.599704,0.000000,0.0000
3779.79,0.097236,0.002025,0.006566,0.0000,0.018837,-0.599704,0.000000,0.0000
3785.12,0.098041,-0.000946,0.006699,0.0000,0.018837,-0.599704,0.000000,0.0000
3790.45,0.098041,-0.000946,0.006699,0.0000,0.000000,-0.600000,0.000000,0.0000
3795.95,0.098820,-0.003833,0.006776,0.0000,0.000000,-0.600000,0.000000,0.0000
3801.24,0.098820,-0.003833,0.006776,0.0000,0.000000,-0.600000,0.000000,0.0000
3806.73,0.099525,-0.006846,0.006745,0.0000,0.000000,-0.600000,0.000000,0.0000
3812.06,0.100190,-0.009764,0.006805,0.0000,-0.018837,-0.599704,0.000000,0.0000
3817.43,0.100190,-0.009764,0.006805,0.0000,-0.018837,-0.599704,0.000000,0.0000
3822.74,0.100737,-0.012804,0.006752,0.0000,-0.018837,-0.599704,0.000000,0.0000
3828.11,0.101133,-0.015642,0.006849,0.0000,-0.018837,-0.599704,0.000000,0.0000
3833.47,0.101133,-0.015642,0.006849,0.0000,-0.037600,-0.598816,0.000000,0.0000
3838.79,0.101568,-0.018623,0.006871,0.0000,-0.037600,-0.598816,0.000000,0.0000
3844.21,0.101904,-0.021540,0.006779,0.0000,-0.037600,-0.598816,0.000000,0.0000
3849.54,0.101904,-0.021540,0.006779,0.0000,-0.037600,-0.598816,0.000000,0.0000
3855.37,0.102198,-0.024364,0.006863,0.0000,-0.056214,-0.597337,0.000000,0.0000
3860.86,0.102313,-0.027396,0.006793,0.0000,-0.056214,-0.597337,0.000000,0.0000
3866.18,0.102313,-0.027396,0.006793,0.0000,-0.056214,-0.597337,0.000000,0.0000
3871.53,0.102363,-0.030237,0.006942,0.0000,-0.074607,-0.595269,0.000000,0.0000
3876.87,0.102488,-0.033160,0.006823,0.0000,-0.074607,-0.595269,0.000000,0.0000
3882.29,0.102488,-0.033160,0.006823,0.0000,-0.074607,-0.595269,0.000000,0.0000
3887.69,0.102271,-0.036151,0.006780,0.0000,-0.074607,-0.595269,0.000000,0.0000
3893.26,0.102154,-0.039001,0.006709,0.0000,-0.074607,-0.595269,0.000000,0.0000
3898.77,0.102154,-0.039001,0.006709,0.0000,-0.074607,-0.595269,0.000000,0.0000
3904.18,0.101873,-0.041924,0.006706,0.0000,-0.074607,-0.595269,0.000000,0.0000
3909.55,0.101873,-0.041924,0.006706,0.0000,-0.074607,-0.595269,0.000000,0.0000
3914.92,0.101493,-0.044911,0.006689,0.0000,-0.092705,-0.592613,0.000000,0.0000
3920.24,0.100961,-0.047887,0.006572,0.0000,-0.092705,-0.592613,0.000000,0.0000
3925.60,0.100961,-0.047887,0.006572,0.0000,-0.092705,-0.592613,0.000000,0.0000
3930.93,0.100411,-0.050786,0.006579,0.0000,-0.092705,-0.592613,0.000000,0.0000
3936.56,0.099773,-0.053624,0.006452,0.0000,-0.110437,-0.589372,0.000000,0.0000
3941.94,0.099773,-0.053624,0.006452,0.0000,-0.110437,-0.589372,0.000000,0.0000
3947.30,0.098913,-0.056480,0.006430,0.0000,-0.110437,-0.589372,0.000000,0.0000
3952.66,0.098048,-0.059410,0.006260,0.0000,-0.110437,-0.589372,0.000000,0.0000
3958.69,0.098048,-0.059410,0.006260,0.0000,-0.127734,-0.585550,0.000000,0.0000
3964.05,0.096976,-0.062251,0.006228,0.0000,-0.127734,-0.585550,0.000000,0.0000
3969.37,0.095948,-0.065148,0.006074,0.0000,-0.127734,-0.585550,0.000000,0.0000
3974.84,0.095948,-0.065148,0.006074,0.0000,-0.144526,-0.581150,0.000000,0.0000
3980.18,0.094704,-0.068013,0.006052,0.0000,-0.144526,-0.581150,0.000000,0.0000
3985.58,0.093382,-0.070802,0.005974,0.0000,-0.144526,-0.581150,0.000000,0.0000
3990.92,0.093382,-0.070802,0.005974,0.0000,-0.144526,-0.581150,0.000000,0.0000
3996.27,0.091918,-0.073820,0.005798,0.0000,-0.144526,-0.581150,0.000000,0.0000
4001.66,0.090341,-0.076594,0.005801,0.0000,-0.144526,-0.581150,0.000000,0.0000
4007.07,0.090341,-0.076594,0.005801,0.0000,-0.144526,-0.581150,0.000000,0.0000
4012.71,0.088749,-0.079391,0.005645,0.0000,-0.144526,-0.581150,0.000000,0.0000
4018.13,0.086910,-0.082224,0.005574,0.0000,-0.160748,-0.576176,0.000000,0.0000
4023.55,0.086910,-0.082224,0.005574,0.0000,-0.160748,-0.576176,0.000000,0.0000
4028.89,0.085051,-0.085029,0.005524,0.0000,-0.160748,-0.576176,0.000000,0.0000
4034.31,0.085051,-0.085029,0.005524,0.0000,-0.160748,-0.576176,0.000000,0.0000
4039.67,0.083072,-0.087876,0.005395,0.0000,-0.176336,-0.570634,0.000000,0.0000
4045.34,0.081029,-0.090672,0.005300,0.0000,-0.176336,-0.570634,0.000000,0.0000
4051.05,0.078877,-0.093445,0.005194,0.0000,-0.176336,-0.570634,0.000000,0.0000
4056.60,0.078877,-0.093445,0.005194,0.0000,-0.191227,-0.564528,0.000000,0.0000
4061.98,0.076637,-0.096184,0.005041,0.0000,-0.191227,-0.564528,0.000000,0.0000
4067.30,0.076637,-0.096184,0.005041,0.0000,-0.191227,-0.564528,0.000000,0.0000
4072.64,0.074219,-0.098918,0.004982,0.0000,-0.191227,-0.564528,0.000000,0.0000
4078.25,0.071783,-0.101712,0.004912,0.0000,-0.205364,-0.557866,0.000000,0.0000
4083.59,0.071783,-0.101712,0.004912,0.0000,-0.205364,-0.557866,0.000000,0.0000
4088.92,0.069279,-0.104489,0.004760,0.0000,-0.205364,-0.557866,0.000000,0.0000
4094.40,0.066564,-0.107183,0.004766,0.0000,-0.205364,-0.557866,0.000000,0.0000
4099.80,0.066564,-0.107183,0.004766,0.0000,-0.218691,-0.550653,0.000000,0.0000
4105.47,0.063732,-0.109879,0.004742,0.0000,-0.218691,-0.550653,0.000000,0.0000
4110.82,0.061023,-0.112599,0.004609,0.0000,-0.218691,-0.550653,0.000000,0.0000
4116.12,0.061023,-0.112599,0.004609,0.0000,-0.218691,-0.550653,0.000000,0.0000
4121.49,0.057964,-0.115325,0.004655,0.0000,-0.218691,-0.550653,0.000000,0.0000
4126.84,0.057964,-0.115325,0.004655,0.0000,-0.218691,-0.550653,0.000000,0.0000
4132.39,0.054946,-0.117907,0.004663,0.0000,-0.218691,-0.550653,0.000000,0.0000
4137.83,0.051828,-0.120619,0.004672,0.0000,-0.218691,-0.550653,0.000000,0.0000
4143.60,0.048587,-0.123194,0.004646,0.0000,-0.231154,-0.542896,0.000000,0.0000
4148.92,0.048587,-0.123194,0.004646,0.0000,-0.231154,-0.542896,0.000000,0.0000
4154.24,0.045329,-0.125775,0.004721,0.0000,-0.231154,-0.542896,0.000000,0.0000
4159.77,0.041948,-0.128342,0.004759,0.0000,-0.242705,-0.534604,0.000000,0.0000
4165.12,0.041948,-0.128342,0.004759,0.0000,-0.242705,-0.534604,0.000000,0.0000
4170.45,0.038441,-0.130873,0.004770,0.0000,-0.242705,-0.534604,0.000000,0.0000
4175.77,0.038441,-0.130873,0.004770,0.0000,-0.242705,-0.534604,0.000000,0.0000
4181.13,0.034976,-0.133527,0.004866,0.0000,-0.253298,-0.525784,0.000000,0.0000
4186.71,0.031352,-0.136060,0.004848,0.0000,-0.253298,-0.525784,0.000000,0.0000
4192.08,0.031352,-0.136060,0.004848,0.0000,-0.253298,-0.525784,0.000000,0.0000
4197.51,0.027654,-0.138547,0.004955,0.0000,-0.253298,-0.525784,0.000000,0.0000
4202.84,0.023996,-0.141050,0.005020,0.0000,-0.262892,-0.516445,0.000000,0.0000
4208.18,0.023996,-0.141050,0.005020,0.0000,-0.262892,-0.516445,0.000000,0.0000
4213.50,0.020271,-0.143634,0.005112,0.0000,-0.262892,-0.516445,0.000000,0.0000
4219.20,0.020271,-0.143634,0.005112,0.0000,-0.262892,-0.516445,0.000000,0.0000
4224.90,0.016401,-0.146103,0.005149,0.0000,-0.262892,-0.516445,0.000000,0.0000
4230.74,0.012495,-0.148513,0.005249,0.0000,-0.262892,-0.516445,0.000000,0.0000
4236.13,0.008590,-0.150946,0.005364,0.0000,-0.262892,-0.516445,0.000000,0.0000
4241.62,0.008590,-0.150946,0.005364,0.0000,-0.271448,-0.506597,0.000000,0.0000
4247.04,0.004537,-0.153514,0.005488,0.0000,-0.271448,-0.506597,0.000000,0.0000
4252.39,0.000551,-0.155943,0.005623,0.0000,-0.271448,-0.506597,0.000000,0.0000
4257.77,0.000551,-0.155943,0.005623,0.0000,-0.271448,-0.506597,0.000000,0.0000
4263.19,-0.003416,-0.158367,0.005602,0.0000,-0.278933,-0.496248,0.000000,0.0000
4268.55,-0.003416,-0.158367,0.005602,0.0000,-0.278933,-0.496248,0.000000,0.0000
4273.99,-0.007552,-0.160858,0.005645,0.0000,-0.278933,-0.496248,0.000000,0.0000
4279.58,-0.011646,-0.163133,0.005806,0.0000,-0.278933,-0.496248,0.000000,0.0000
4285.07,-0.015851,-0.165545,0.005926,0.0000,-0.285317,-0.485410,0.000000,0.0000
4290.45,-0.015851,-0.165545,0.005926,0.0000,-0.285317,-0.485410,0.000000,0.0000
4295.89,-0.020104,-0.168090,0.006020,0.0000,-0.285317,-0.485410,0.000000,0.0000
4301.31,-0.024308,-0.170387,0.006147,0.0000,-0.285317,-0.485410,0.000000,0.0000
4306.88,-0.024308,-0.170387,0.006147,0.0000,-0.290575,-0.474093,0.000000,0.0000
4312.25,-0.028551,-0.172705,0.006321,0.0000,-0.290575,-0.474093,0.000000,0.0000
4317.76,-0.032798,-0.175100,0.006470,0.0000,-0.290575,-0.474093,0.000000,0.0000
4323.19,-0.032798,-0.175100,0.006470,0.0000,-0.290575,-0.474093,0.000000,0.0000
4329.21,-0.036918,-0.177416,0.006565,0.0000,-0.294686,-0.462308,0.000000,0.0000
4334.63,-0.041307,-0.179750,0.006695,0.0000,-0.294686,-0.462308,0.000000,0.0000
4340.03,-0.041307,-0.179750,0.006695,0.0000,-0.294686,-0.462308,0.000000,0.0000
4345.41,-0.045733,-0.182043,0.006948,0.0000,-0.294686,-0.462308,0.000000,0.0000
4350.80,-0.045733,-0.182043,0.006948,0.0000,-0.294686,-0.462308,0.000000,0.0000
4356.38,-0.049950,-0.184349,0.007063,0.0000,-0.294686,-0.462308,0.000000,0.0000
4361.84,-0.054360,-0.186701,0.007171,0.0000,-0.294686,-0.462308,0.000000,0.0000
4367.29,-0.054360,-0.186701,0.007171,0.0000,-0.297634,-0.450067,0.000000,0.0000
4372.67,-0.058611,-0.188987,0.007241,0.0000,-0.297634,-0.450067,0.000000,0.0000
4378.33,-0.062873,-0.191260,0.007316,0.0000,-0.297634,-0.450067,0.000000,0.0000
4383.71,-0.062873,-0.191260,0.007316,0.0000,-0.297634,-0.450067,0.000000,0.0000
4389.13,-0.067294,-0.193585,0.007463,0.0000,-0.299408,-0.437381,0.000000,0.0000
4394.68,-0.071594,-0.195862,0.007588,0.0000,-0.299408,-0.437381,0.000000,0.0000
4400.13,-0.071594,-0.195862,0.007588,0.0000,-0.299408,-0.437381,0.000000,0.0000
4405.81,-0.075934,-0.198183,0.007728,0.0000,-0.299408,-0.437381,0.000000,0.0000
4411.45,-0.080244,-0.200461,0.007806,0.0000,-0.300000,-0.424264,0.000000,0.0000
4416.83,-0.080244,-0.200461,0.007806,0.0000,-0.300000,-0.424264,0.000000,0.0000
4422.19,-0.084405,-0.202648,0.007966,0.0000,-0.300000,-0.424264,0.000000,0.0000
4427.57,-0.084405,-0.202648,0.007966,0.0000,-0.299408,-0.410728,0.000000,0.0000
4433.01,-0.088668,-0.204958,0.008049,0.0000,-0.299408,-0.410728,0.000000,0.0000
4438.39,-0.092980,-0.207304,0.008146,0.0000,-0.299408,-0.410728,0.000000,0.0000
4443.75,-0.097139,-0.209545,0.008236,0.0000,-0.299408,-0.410728,0.000000,0.0000
4449.19,-0.097139,-0.209545,0.008236,0.0000,-0.299408,-0.410728,0.000000,0.0000
4454.60,-0.101405,-0.211791,0.008337,0.0000,-0.299408,-0.410728,0.000000,0.0000
4459.98,-0.105572,-0.214053,0.008419,0.0000,-0.299408,-0.410728,0.000000,0.0000
4465.32,-0.105572,-0.214053,0.008419,0.0000,-0.299408,-0.410728,0.000000,0.0000
4470.54,-0.109761,-0.216299,0.008498,0.0000,-0.297634,-0.396787,0.000000,0.0000
4476.12,-0.109761,-0.216299,0.008498,0.0000,-0.297634,-0.396787,0.000000,0.0000
4481.64,-0.113874,-0.218684,0.008584,0.0000,-0.297634,-0.396787,0.000000,0.0000
4487.05,-0.117903,-0.220881,0.008615,0.0000,-0.297634,-0.396787,0.000000,0.0000
4492.67,-0.117903,-0.220881,0.008615,0.0000,-0.294686,-0.382454,0.000000,0.0000
4498.19,-0.122027,-0.223099,0.008685,0.0000,-0.294686,-0.382454,0.000000,0.0000
4503.58,-0.126133,-0.225394,0.008753,0.0000,-0.294686,-0.382454,0.000000,0.0000
4509.01,-0.126133,-0.225394,0.008753,0.0000,-0.294686,-0.382454,0.000000,0.0000
4514.61,-0.130047,-0.227704,0.008789,0.0000,-0.290575,-0.367744,0.000000,0.0000
4520.07,-0.134003,-0.230007,0.008829,0.0000,-0.290575,-0.367744,0.000000,0.0000
4525.45,-0.134003,-0.230007,0.008829,0.0000,-0.290575,-0.367744,0.000000,0.0000
4531.10,-0.137899,-0.232278,0.008832,0.0000,-0.285317,-0.352671,0.000000,0.0000
4536.72,-0.141787,-0.234589,0.008867,0.0000,-0.285317,-0.352671,0.000000,0.0000
4542.10,-0.141787,-0.234589,0.008867,0.0000,-0.285317,-0.352671,0.000000,0.0000
4547.49,-0.145584,-0.236911,0.008924,0.0000,-0.285317,-0.352671,0.000000,0.0000
4552.90,-0.149375,-0.239213,0.008889,0.0000,-0.278933,-0.337250,0.000000,0.0000
4558.27,-0.149375,-0.239213,0.008889,0.0000,-0.278933,-0.337250,0.000000,0.0000
4563.96,-0.153155,-0.241502,0.008911,0.0000,-0.278933,-0.337250,0.000000,0.0000
4569.31,-0.156832,-0.243779,0.008935,0.0000,-0.278933,-0.337250,0.000000,0.0000
4574.69,-0.156832,-0.243779,0.008935,0.0000,-0.278933,-0.337250,0.000000,0.0000
4580.71,-0.160467,-0.246093,0.008903,0.0000,-0.278933,-0.337250,0.000000,0.0000
4586.10,-0.164060,-0.248418,0.008870,0.0000,-0.278933,-0.337250,0.000000,0.0000
4591.48,-0.164060,-0.248418,0.008870,0.0000,-0.278933,-0.337250,0.000000,0.0000
4596.53,-0.167567,-0.250668,0.008857,0.0000,-0.271448,-0.321496,0.000000,0.0000
4601.88,-0.171038,-0.252952,0.008837,0.0000,-0.271448,-0.321496,0.000000,0.0000
4607.19,-0.171038,-0.252952,0.008837,0.0000,-0.271448,-0.321496,0.000000,0.0000
4612.72,-0.174419,-0.255302,0.008800,0.0000,-0.262892,-0.305425,0.000000,0.0000
4618.07,-0.177836,-0.257577,0.008743,0.0000,-0.262892,-0.305425,0.000000,0.0000
4623.63,-0.177836,-0.257577,0.008743,0.0000,-0.262892,-0.305425,0.000000,0.0000
4629.01,-0.181108,-0.259871,0.008764,0.0000,-0.262892,-0.305425,0.000000,0.0000
4634.53,-0.184328,-0.262139,0.008773,0.0000,-0.253298,-0.289052,0.000000,0.0000
4639.90,-0.184328,-0.262139,0.008773,0.0000,-0.253298,-0.289052,0.000000,0.0000
4645.27,-0.187486,-0.264356,0.008666,0.0000,-0.253298,-0.289052,0.000000,0.0000
4650.69,-0.187486,-0.264356,0.008666,0.0000,-0.253298,-0.289052,0.000000,0.0000
4656.25,-0.190616,-0.266674,0.008624,0.0000,-0.242705,-0.272394,0.000000,0.0000
4661.76,-0.193601,-0.268972,0.008540,0.0000,-0.242705,-0.272394,0.000000,0.0000
4667.13,-0.193601,-0.268972,0.008540,0.0000,-0.242705,-0.272394,0.000000,0.0000
4672.45,-0.196614,-0.271217,0.008511,0.0000,-0.242705,-0.272394,0.000000,0.0000
4677.80,-0.199484,-0.273410,0.008460,0.0000,-0.231154,-0.255468,0.000000,0.0000
4683.12,-0.199484,-0.273410,0.008460,0.0000,-0.231154,-0.255468,0.000000,0.0000
4688.63,-0.202289,-0.275601,0.008415,0.0000,-0.231154,-0.255468,0.000000,0.0000
4694.12,-0.205037,-0.277721,0.008277,0.0000,-0.231154,-0.255468,0.000000,0.0000
4699.90,-0.205037,-0.277721,0.008277,0.0000,-0.231154,-0.255468,0.000000,0.0000
4705.30,-0.207737,-0.279825,0.008348,0.0000,-0.231154,-0.255468,0.000000,0.0000
4710.66,-0.210331,-0.281941,0.008250,0.0000,-0.231154,-0.255468,0.000000,0.0000
4716.01,-0.210331,-0.281941,0.008250,0.0000,-0.218691,-0.238289,0.000000,0.0000
4721.29,-0.212807,-0.283994,0.008186,0.0000,-0.218691,-0.238289,0.000000,0.0000
4726.63,-0.212807,-0.283994,0.008186,0.0000,-0.218691,-0.238289,0.000000,0.0000
4732.00,-0.215351,-0.285942,0.008138,0.0000,-0.218691,-0.238289,0.000000,0.0000
4737.58,-0.217739,-0.287938,0.008084,0.0000,-0.205364,-0.220875,0.000000,0.0000
4742.98,-0.217739,-0.287938,0.008084,0.0000,-0.205364,-0.220875,0.000000,0.0000
4748.30,-0.220008,-0.289914,0.008015,0.0000,-0.205364,-0.220875,0.000000,0.0000
4753.63,-0.222249,-0.291845,0.007965,0.0000,-0.205364,-0.220875,0.000000,0.0000
4758.99,-0.222249,-0.291845,0.007965,0.0000,-0.191227,-0.203243,0.000000,0.0000
4764.30,-0.224389,-0.293782,0.007900,0.0000,-0.191227,-0.203243,0.000000,0.0000
4769.93,-0.226367,-0.295553,0.007833,0.0000,-0.191227,-0.203243,0.000000,0.0000
4775.24,-0.226367,-0.295553,0.007833,0.0000,-0.191227,-0.203243,0.000000,0.0000
4780.84,-0.228330,-0.297266,0.007787,0.0000,-0.176336,-0.185410,0.000000,0.0000
4786.13,-0.230182,-0.299058,0.007732,0.0000,-0.176336,-0.185410,0.000000,0.0000
4791.45,-0.230182,-0.299058,0.007732,0.0000,-0.176336,-0.185410,0.000000,0.0000
4796.79,-0.231973,-0.300657,0.007689,0.0000,-0.176336,-0.185410,0.000000,0.0000
4802.63,-0.233707,-0.302147,0.007636,0.0000,-0.176336,-0.185410,0.000000,0.0000
4807.95,-0.233707,-0.302147,0.007636,0.0000,-0.176336,-0.185410,0.000000,0.0000
4813.31,-0.235299,-0.303667,0.007605,0.0000,-0.176336,-0.185410,0.000000,0.0000
4818.72,-0.236813,-0.305129,0.007484,0.0000,-0.160748,-0.167395,0.000000,0.0000
4824.05,-0.236813,-0.305129,0.007484,0.0000,-0.160748,-0.167395,0.000000,0.0000
4829.36,-0.238317,-0.306454,0.007502,0.0000,-0.160748,-0.167395,0.000000,0.0000
4834.78,-0.238317,-0.306454,0.007502,0.0000,-0.160748,-0.167395,0.000000,0.0000
4840.23,-0.239663,-0.307699,0.007418,0.0000,-0.144526,-0.149214,0.000000,0.0000
4845.63,-0.241027,-0.308916,0.007353,0.0000,-0.144526,-0.149214,0.000000,0.0000
4850.98,-0.241027,-0.308916,0.007353,0.0000,-0.144526,-0.149214,0.000000,0.0000
4856.37,-0.242182,-0.309949,0.007320,0.0000,-0.144526,-0.149214,0.000000,0.0000
4861.74,-0.243303,-0.310999,0.007212,0.0000,-0.127734,-0.130886,0.000000,0.0000
4867.12,-0.243303,-0.310999,0.007212,0.0000,-0.127734,-0.130886,0.000000,0.0000
4872.54,-0.244301,-0.311897,0.007116,0.0000,-0.127734,-0.130886,0.000000,0.0000
4878.18,-0.245295,-0.312715,0.007098,0.0000,-0.127734,-0.130886,0.000000,0.0000
4883.56,-0.245295,-0.312715,0.007098,0.0000,-0.110437,-0.112429,0.000000,0.0000
4888.89,-0.246153,-0.313409,0.007024,0.0000,-0.110437,-0.112429,0.000000,0.0000
4894.18,-0.246882,-0.314100,0.006893,0.0000,-0.110437,-0.112429,0.000000,0.0000
4899.51,-0.246882,-0.314100,0.006893,0.0000,-0.110437,-0.112429,0.000000,0.0000
4905.03,-0.247530,-0.314619,0.006840,0.0000,-0.092705,-0.093861,0.000000,0.0000
4910.64,-0.248194,-0.315030,0.006750,0.0000,-0.092705,-0.093861,0.000000,0.0000
4915.97,-0.248194,-0.315030,0.006750,0.0000,-0.092705,-0.093861,0.000000,0.0000
4921.26,-0.248676,-0.315286,0.006650,0.0000,-0.092705,-0.093861,0.000000,0.0000
4926.62,-0.249109,-0.315499,0.006565,0.0000,-0.092705,-0.093861,0.000000,0.0000
4931.98,-0.249109,-0.315499,0.006565,0.0000,-0.092705,-0.093861,0.000000,0.0000
4937.47,-0.249455,-0.315629,0.006451,0.0000,-0.092705,-0.093861,0.000000,0.0000
4942.81,-0.249455,-0.315629,0.006451,0.0000,-0.074607,-0.075200,0.000000,0.0000
4948.13,-0.249710,-0.315644,0.006346,0.0000,-0.074607,-0.075200,0.000000,0.0000
4953.45,-0.249871,-0.315559,0.006270,0.0000,-0.074607,-0.075200,0.000000,0.0000
4958.82,-0.249871,-0.315559,0.006270,0.0000,-0.074607,-0.075200,0.000000,0.0000
4964.19,-0.249947,-0.315305,0.006143,0.0000,-0.056214,-0.056465,0.000000,0.0000
4969.71,-0.249924,-0.314991,0.006027,0.0000,-0.056214,-0.056465,0.000000,0.0000
4975.05,-0.249924,-0.314991,0.006027,0.0000,-0.056214,-0.056465,0.000000,0.0000
4980.64,-0.249825,-0.314592,0.005916,0.0000,-0.056214,-0.056465,0.000000,0.0000
4986.00,-0.249666,-0.314065,0.005805,0.0000,-0.037600,-0.037674,0.000000,0.0000
4991.32,-0.249666,-0.314065,0.005805,0.0000,-0.037600,-0.037674,0.000000,0.0000
4996.67,-0.249403,-0.313352,0.005676,0.0000,-0.037600,-0.037674,0.000000,0.0000
5002.32,-0.249079,-0.312638,0.005585,0.0000,-0.037600,-0.037674,0.000000,0.0000
